image_name,extracted_text,cleaned_text,confidence
5949345152205785900_121.jpg,"7:49 0540547... مفيز بسعل # هشتاقك ٦ Top Latest People Media Lists المنتجات الأفضل 9ن ن خصومات SE634 9ن بالاضافه لكود خصم فوق الخصم العروض تاخذين ون الدرجه بالضبط ثباته يخرع بنااات الصدق أشوف بديل ارخص بيوتي | من مجدل الي سعره فوق ال 100 ريال 0:08 1]» 12 /|,/ 667 wertymyl@ احمد الرشودى 1c مميز_ 0540547049 *كل يوم آيه بسعر # هشتاقك فتأتون إإن يوم الفصل كان ميقاثانيوم ينفخ في أفواجاO وفتحت الشماء فكانت أبوابان وسيرت الجبال فكانت سرابان إن جهنم كانت مرصادان بلظاغين مآبًا ل ]النبأ : ٢٢١٧[ 172 ٦14 ١ر١١ ٥ ~ nadeen ali @anadeenalil 3h ٨ +3 الساحل _ السورى # قويه دبيوا علب نايس نايس خص نايس نس البني دى الضور","7 49 0540547... مفيز بسعل هشتاقك 6 Top Latest People Media Lists المنتجات الأفضل 9ن خصومات SE634 9ن بالاضافه لكود خصم فوق الخصم العروض تاخذين ون الدرجه بالضبط ثباته يخرع بنااات الصدق أشوف بديل ارخص بيوتي من مجدل الي سعره فوق ال 100 ريال 0 08 1 12 , 667 wertymyl احمد الرشودى 1c مميز_ 0540547049 كل يوم آيه بسعر هشتاقك فتأتون إإن يوم الفصل كان ميقاثانيوم ينفخ في أفواجاO وفتحت الشماء فكانت أبوابان وسيرت الجبال فكانت سرابان إن جهنم كانت مرصادان بلظاغين مآب النبأ 2217 172 614 1ر11 5 nadeen ali anadeenalil 3h 8 3 الساحل _ السورى قويه دبيوا علب نايس نايس خص نايس نس البني دى الضور",0.6824
5949345152205785903_121.jpg,7:49 مصر Top Latest People Media Lists 1218 151 11.2K /ر|ر ٨ ~ DrIslam Sakr DrIslamSakr 1d ٥٥رآ٤ا ALESTTIHE المصرية للاتصالات وعمركمال وجراديشار بياسين وحسين الشحات وأشرف 9محمد شريف 9محمد وطاهر محمد طاهر ونبيل كوكا ومصطفى ويخسر ويخرج من دوراا32كأس  بيلعب بالناد والجمهور مصدق ان الجمهوراللي مصدق ان ناديه بيكسب بمجهوده 9@ 121 014 1.3K /ر|| ط  @Fatmalo82 12h _ ال 32 للمره ال 10 يودعكاس مصرفي يادى الفضائح امثئت البطرالفيفعبح الخفواذته فظ اكاس  أمام الأهلى لعب مرعي  داري شكري  العش مصر الأهلي اشئين نفس معلش الاهلي الدور,7 49 مصر Top Latest People Media Lists 1218 151 11.2K 8 DrIslam Sakr DrIslamSakr 1d 55رآ4ا ALESTTIHE المصرية للاتصالات وعمركمال وجراديشار بياسين وحسين الشحات وأشرف 9محمد شريف 9محمد وطاهر محمد طاهر ونبيل كوكا ومصطفى ويخسر ويخرج من دوراا32كأس بيلعب بالناد والجمهور مصدق ان الجمهوراللي مصدق ان ناديه بيكسب بمجهوده 9 121 014 1.3K Fatmalo82 12h _ ال 32 للمره ال 10 يودعكاس مصرفي يادى الفضائح امثئت البطرالفيفعبح الخفواذته فظ اكاس أمام الأهلى لعب مرعي داري شكري العش مصر الأهلي اشئين نفس معلش الاهلي الدور,0.6548
5949345152205785887_121.jpg,"7:29 ٥ ٦٥٥ music Top Latest People Media Lists Music Charts & News Music Love ThoN. 20 If you close your eyes, and just listen, deep feelings emerges IL 4:15 ٥١» 014 17168 581 /|,/ 13.4/ ٥ * Whotfismick 2h me when i listen to music and fantasize about becoming everything i've always wantec to be +3 very","7 29 5 655 music Top Latest People Media Lists Music Charts News Music Love ThoN. 20 If you close your eyes, and just listen, deep feelings emerges IL 4 15 51 014 17168 581 , 13.4 5 Whotfismick 2h me when listen to music and fantasize about becoming everything ve always wantec to be 3 very",0.6563
5949345152205785888_121.jpg,7:29 ٥ ٦٥٥ music Top Latest People Media Lists R.O.K @rOktech 3 When youre coding with music and bugs start appearing 88 12379 4K /|/ 45.8K ٨ 9 Harmony Music Love Music @khnh80044 14h So beautiful ` ٦3,7 29 5 655 music Top Latest People Media Lists . . rOktech 3 When youre coding with music and bugs start appearing 88 12379 4K 45.8K 8 9 Harmony Music Love Music khnh80044 14h So beautiful 63,0.7049
5949345152205785882_121.jpg,"7:30 ٧٥٥ food ٦- Top Latest People Media Lists Plant Based News @PlantB. 1d  LOVE this sign. Plant-based diets have consistently been shown to significant health benefits when compared to meat It is estimated that around 92 billion land animals are killed for food each year On top of that, approximately two trillion fish are killed annually Show more ImaBa: tivegan Ita Planls have   PRoTeiw, aniwa s have   FEELINSS and hunans have OPTioNs 107 1293 0339 ||,/ 5.7K ٥ ~8 Alexandria ..4@ اسكندرية 18 Jun Zephere Resturant Sea food Bahary  Alexandria +3 carry","7 30 755 food 6- Top Latest People Media Lists Plant Based News PlantB. 1d LOVE this sign. Plant-based diets have consistently been shown to significant health benefits when compared to meat It is estimated that around 92 billion land animals are killed for food each year On top of that, approximately two trillion fish are killed annually Show more ImaBa tivegan Ita Planls have PRoTeiw, aniwa have FEELINSS and hunans have OPTioNs 107 1293 0339 , 5.7K 5 8 Alexandria ..4 اسكندرية 18 Jun Zephere Resturant Sea food Bahary Alexandria 3 carry",0.6648
5949345152205785896_121.jpg,"7:33 holiday ٦' Top Latest People Media Lists Iman @4gcashmere 2$ Replying to @Snipergoat8675 @HerbsandDirt and 2 others This video was made during Christmas period, likely Christmas Eve, where kids are most likely home with their parents during the holiday  Some of these facilities shown in that video have been permanently closed years ago for infractions and were not even receiving any funding 12 ارا ~8 Rizz Ler @RizzL97849 55 R #ExpressStyleHolidayPlans Lets check out what holiday #ExpressStyleTips our passengers have! Follow & post to receive replies from Express passengers immediately! Pleaseeeee dan heng or weltttt #HonkaiStarRail @honkaistarrail x com/ honkaistarrail  . Honkai: Star Rail @honkaist , 2h Express STVLE End- Of-Year Holiday Plans Event  Part 2) Canlt think of how to unwind on your long-awaited holiday other than sleeping it away? 01 آرار sari @faewhm 65 +3 Replying to @meows4heals ^//1/171 ١ ٣٦ n٨ما ٣ ١ ٤١ ١٦٧٨ ++ 1+م ا^لرأاما","7 33 holiday 6 Top Latest People Media Lists Iman 4gcashmere 2 Replying to Snipergoat8675 HerbsandDirt and 2 others This video was made during Christmas period, likely Christmas Eve, where kids are most likely home with their parents during the holiday Some of these facilities shown in that video have been permanently closed years ago for infractions and were not even receiving any funding 12 ارا 8 Rizz Ler RizzL97849 55 ExpressStyleHolidayPlans Lets check out what holiday ExpressStyleTips our passengers have! Follow post to receive replies from Express passengers immediately! Pleaseeeee dan heng or weltttt HonkaiStarRail honkaistarrail com honkaistarrail . Honkai Star Rail honkaist , 2h Express STVLE End- Of-Year Holiday Plans Event Part 2 Canlt think of how to unwind on your long-awaited holiday other than sleeping it away? 01 آرار sari faewhm 65 3 Replying to meows4heals 1 171 1 36 n8ما 3 1 41 1678 1 لرأاما",0.6249
5949345152205785904_121.jpg,7:49 دصر Top Latest People Media Lists Gamal a @Gamalxxx5h 14h كويس انكاس مصرمش تبع الرابطة كان زمان دياب طلع لائحة باطلة واعاد المباراة اوخلاهم يكسبوا ويقاب النتيجة العجاب ايااا اام دور ال 32 مقلر 17;00 27 ديسمبر 2025 On Eports مناسر 2 المصربة للاتما لات [ ستاد السلام حماد0 القلاوى 7ة مصمفي '81 علذ عمر كمال 17 ||/ 235 Mohamed shehtaAhly 22h الخروج المهين منكاس مصرفي دورال 32 الاهد لم يقدموا شيء العاله واخرهم يلعبوا في فريق متزيل الجدول وسط الاستقرارالمالي والاداري ولعيبه بتاء تخيل الاهلي ميعادها وبتلعب ف وقتها 9 فلوسها Show more يعنى انت واخد فرصه غيرك +3 اكاس كاس الأهلي فوزي _ لنادي  الذي الااعبين يلازم  الدوري آخد قي النادى وفي,7 49 دصر Top Latest People Media Lists Gamal Gamalxxx5h 14h كويس انكاس مصرمش تبع الرابطة كان زمان دياب طلع لائحة باطلة واعاد المباراة اوخلاهم يكسبوا ويقاب النتيجة العجاب ايااا اام دور ال 32 مقلر 17 00 27 ديسمبر 2025 On Eports مناسر 2 المصربة للاتما لات ستاد السلام حماد0 القلاوى 7ة مصمفي 81 علذ عمر كمال 17 235 Mohamed shehtaAhly 22h الخروج المهين منكاس مصرفي دورال 32 الاهد لم يقدموا شيء العاله واخرهم يلعبوا في فريق متزيل الجدول وسط الاستقرارالمالي والاداري ولعيبه بتاء تخيل الاهلي ميعادها وبتلعب وقتها 9 فلوسها Show more يعنى انت واخد فرصه غيرك 3 اكاس كاس الأهلي فوزي _ لنادي الذي الااعبين يلازم الدوري آخد قي النادى وفي,0.6662
5949345152205785907_121.jpg,"7:49 ٧٥٥ مصر Top Latest People Media Lists People View all Thaqafnafsak@ ثقف نفسك 21h # فوائد_الخس # تعزيز المناعة # صحة _الدماغ مصصر # ثقف _ ن فسك الصحية فوائد تعزيز المناعة مفيد لتنزيل الوزن زيادة نظارة تفيد لصحة القلب البشره الكولسترول تعزيذ صحة الدما مفيد لمرضى يقي من طان 1240 151 ||/ 6.7K bt3@ عمرو 1c تاريخي وللتاريخ +3 حققت فوزفي كأس أمم أفريقيا تارنخنا : ""كاس  # ك اس - الخس خفض السكري السل الت",7 49 755 مصر Top Latest People Media Lists People View all Thaqafnafsak ثقف نفسك 21h فوائد_الخس تعزيز المناعة صحة _الدماغ مصصر ثقف _ فسك الصحية فوائد تعزيز المناعة مفيد لتنزيل الوزن زيادة نظارة تفيد لصحة القلب البشره الكولسترول تعزيذ صحة الدما مفيد لمرضى يقي من طان 1240 151 6.7K bt3 عمرو 1c تاريخي وللتاريخ 3 حققت فوزفي كأس أمم أفريقيا تارنخنا كاس اس - الخس خفض السكري السل الت,0.7553
5949345152205785891_121.jpg,"7:27 ٥ ٦٥٥ Search X For Vou Trending News Sports Entert 0257 177.4(( 81.2/ ٦.8M /ر|| ~ Creepy org @creepydotorg 13h Millie Bobby Brownis face in ` Stranger Things ' Season 5 235 172.7K 074« /|,/ 999K Pop Base @PopBase 1d Happy 7ist birthday to the iconic Denzel Washington ","7 27 5 655 Search For Vou Trending News Sports Entert 0257 177.4 81.2 6.8M Creepy org creepydotorg 13h Millie Bobby Brownis face in Stranger Things Season 5 235 172.7K 074 , 999K Pop Base PopBase 1d Happy 7ist birthday to the iconic Denzel Washington",0.618
5949345152205785890_121.jpg,"7:28  5 ""Putin and Russia Top Latest People Media Lists From acorns to mighty oaks 17h Replying to @highbrownobrow Bravo  We neec much more of this. Its time we openly declared Trump as Putin and Russias comrade Its what we have all been thinking  Speaking the truth now matters more than ever TIME 1215 0 51 1.7K /ر|ر Dr Bob Smith @DrBobSmith1 6h Pretty Darn Clear! ! Trump is selling Zelenskyy and Ukraine to Putin and ٧٥٨ Trun henrlinp DMAr Apain fnr his hest",7 28 5 Putin and Russia Top Latest People Media Lists From acorns to mighty oaks 17h Replying to highbrownobrow Bravo We neec much more of this. Its time we openly declared Trump as Putin and Russias comrade Its what we have all been thinking Speaking the truth now matters more than ever TIME 1215 0 51 1.7K Dr Bob Smith DrBobSmith1 6h Pretty Darn Clear! ! Trump is selling Zelenskyy and Ukraine to Putin and 758 Trun henrlinp DMAr Apain fnr his hest,0.6089
5949345152205785884_121.jpg,"7:30 ٥ ٦٥٥ technology ٦' Top Latest People Media Lists technical explanation by researchers studying the Buga spheres in Colombia  These spheres are seamless, lacking any welding marks, and surpass human technology. #Buga #spheres [٥I@٧ق 240(#)48- 58 17479 4|( ||/ 516K( ٥ ~ E»؟|BnEn STE.M Explorer @stemexp   5d  Evolution of human technology HUMAN TECHNOLOGY ٥٧٢٥٤ Through Key Milastones In Innovatlon and Progress STUNE AGE TUULS Furhuman nrru٦s Iitr Hrd nurs uuur ٦ ٣١١١٠١١ ١ ٦١٦٠٢u٦٦ ١٦١٧ ARIEULTURAL REVDLUTIDN ٢ر وا : ظا لئ قئاا IMVENTIUN ٥F THE WHEEL ٦BIFUIIU DS5InIL؟R II ٦IحU ٦٤ ٠ ٧٢٢٠،٦ ٦، ٨٨٠ رفو ؟١٠٤ و٨ ٢٤ METAL AGE TECHNULUGY  ٥٦ ٦ ٦ ٦ ٢ز٥١ مر ٦يق آه جررا ذTاذر ذ17٠ PRINTING PRESS ٦٤٢3=٢ Uemon  ٥٧5!7.5٦ ٨٥٥٤٨ ٥ ٠٠٦٢ INDUSTRIAL REVDLUTIUN ٤ه ننزجد 1أن. رراغوا  15111ن ELELTHILITV AND EUHMUMIEATIUN تة UUIJEIALAPE٨٥٨L ٥٨٥is ,519 ا7 ' زاوا ٣٠٧١00","7 30 5 655 technology 6 Top Latest People Media Lists technical explanation by researchers studying the Buga spheres in Colombia These spheres are seamless, lacking any welding marks, and surpass human technology. Buga spheres 5I 7ق 240 48- 58 17479 4 516K 5 ؟ BnEn STE. Explorer stemexp 5d Evolution of human technology HUMAN TECHNOLOGY 57254 Through Key Milastones In Innovatlon and Progress STUNE AGE TUULS Furhuman nrru6s Iitr Hrd nurs uuur 6 3111011 1 61602u66 1617 ARIEULTURAL REVDLUTIDN 2ر وا ظا لئ قئاا IMVENTIUN 5F THE WHEEL 6BIFUIIU DS5InIL II 6IحU 64 0 7220 6 6، 880 رفو ؟104 و8 24 METAL AGE TECHNULUGY 56 6 6 6 2ز51 مر 6يق آه جررا ذTاذر ذ170 PRINTING PRESS 6423 2 Uemon 575!7.56 85548 5 0062 INDUSTRIAL REVDLUTIUN 4ه ننزجد 1أن. رراغوا 15111ن ELELTHILITV AND EUHMUMIEATIUN تة UUIJEIALAPE858L 585is ,519 ا7 زاوا 307100",0.3537
5949345152205785897_121.jpg,"7:32 technology ٦ Latest People Media Lists bizjournals com 17 /|ر Karin Magana @HAUSA_PRO 2m ShareX Is Redefining How Web3 Meets the Real World Web3 has long promised mass adoption, but few projects truly connect blockchain technology with everyday life ShareX is changing that narrative by building the Web3 Consumer and Financial Layer for the global sharing ShareX قذ1ون ShareX 01 3 /ر|/ Shivam @ShivamPatralekh 2m Agentic Alwill change how banks mal decisions Top","7 32 technology 6 Latest People Media Lists bizjournals com 17 Karin Magana HAUSA_PRO 2m ShareX Is Redefining How Web3 Meets the Real World Web3 has long promised mass adoption, but few projects truly connect blockchain technology with everyday life ShareX is changing that narrative by building the Web3 Consumer and Financial Layer for the global sharing ShareX قذ1ون ShareX 01 3 Shivam ShivamPatralekh 2m Agentic Alwill change how banks mal decisions Top",0.6926
5949345152205785880_121.jpg,"7:31 ٧٥٥ food ٦' Top Latest People Media Lists Gully Foyle #UKTrade Ter .- 1c Good morning @nowak _paul seems youre all over the press this morning, saying Labour should explore rejoining the EU Customs Union because ""food prices too high"". Food prices are higher on average in the EU, and food price inflation since Brexit has been worse than the UK CP Food & Non Alcoholic Beverages (2015 100|  Data sources: CNS, Eurostatl 1٤٥ 5٥ل 15٥ EUZ7 Ilatest - Oct. ZUZ5i 150 140 130 UK Ilatest = Nov. 2U25) 120 11٥ 100 10 70 ?, ?7 ? Ch37 73+n 5y رف ر0ئذوء 307 ر آآءuااarاc3sدp 19 17222 0503 ٨|/ 6.1K ~ Dolly Parton Dolly Parton 10 Cozy nights call for comfort food  without all the fuss. My single-serve beef pot roast is ready when you are Just heat and eat! Visit bakingwithdollycom to learn more #DollysFrozenMeals +3 are 2113 2[14 215 2713 2120 2012? وءه","7 31 755 food 6 Top Latest People Media Lists Gully Foyle UKTrade Ter .- 1c Good morning nowak _paul seems youre all over the press this morning, saying Labour should explore rejoining the EU Customs Union because food prices too high . Food prices are higher on average in the EU, and food price inflation since Brexit has been worse than the UK CP Food Non Alcoholic Beverages 2015 100 Data sources CNS, Eurostatl 145 55ل 155 EUZ7 Ilatest - Oct. ZUZ5i 150 140 130 UK Ilatest Nov. 2U25 120 115 100 10 70 ?, ?7 ? Ch37 73 5y رف ر0ئذوء 307 آآءuااarاc3sدp 19 17222 0503 8 6.1K Dolly Parton Dolly Parton 10 Cozy nights call for comfort food without all the fuss. My single-serve beef pot roast is ready when you are Just heat and eat! Visit bakingwithdollycom to learn more DollysFrozenMeals 3 are 2113 2 14 215 2713 2120 2012? وءه",0.6185
5949345152205785908_121.jpg,"7:48 ،٦٥٥ عبداللطيف Latest People Media Lists 'Ezzat |Ezzat443 ٦h عبداللط يف ورب الكعبه قال الله تعالى إنالله عنده علم الساعة وينزل الفيث ويعلم غدا وما ماذاً مافي الأرحام وما تموت إن الله عليم خبير ٣٤ السجدة بأى /|/ 95 * محمد غفيد GafirM098040 1h الرؤية الواضحة »الوحدة ليلى _ عبداللط يف # 57 /ر|| ٨ 8ه af_1164@ وطا 1٨ عبداللط ! هم ينتظرون راس السنه حنا ننتظر 13 رجب لبيك يا أبا عبدالله /|,/ 73 wertymyl@ احمد الاشودى ٦٨ /# # ليلي - Top # ليلي - كاذبه تكسب تدرى نفس تدرى آرض  نفس ثمن - ألبيد كامو # ليلي _  ااا ما","7 48 ،655 عبداللطيف Latest People Media Lists Ezzat Ezzat443 6h عبداللط يف ورب الكعبه قال الله تعالى إنالله عنده علم الساعة وينزل الفيث ويعلم غدا وما ماذاً مافي الأرحام وما تموت إن الله عليم خبير 34 السجدة بأى 95 محمد غفيد GafirM098040 1h الرؤية الواضحة الوحدة ليلى _ عبداللط يف 57 8 8ه af_1164 وطا 18 عبداللط ! هم ينتظرون راس السنه حنا ننتظر 13 رجب لبيك يا أبا عبدالله , 73 wertymyl احمد الاشودى 68 ليلي - Top ليلي - كاذبه تكسب تدرى نفس تدرى آرض نفس ثمن - ألبيد كامو ليلي _ ااا ما",0.6598
5949345152205785895_121.jpg,"7:34 ٦٥٥ comics Top Latest People Media Lists 10 17265 3.5| 4|,/ 28.5K ~ DNG Comics )dngcomics 30 Imagine the feeling of reaching the of the mountain and taking in the fresh air To remind yourself of the place you came from To look back at the struggle and smile with your brothers This is the journey you must walk as a man L[٥ Z٤PP[L ٥١x 1741 555 10.8K /ر|| ٥ ~ Arkham Comics rkh٠ . 21 Dec آلللث [٨٨٨ 3 top","7 34 655 comics Top Latest People Media Lists 10 17265 3.5 4 , 28.5K DNG Comics dngcomics 30 Imagine the feeling of reaching the of the mountain and taking in the fresh air To remind yourself of the place you came from To look back at the struggle and smile with your brothers This is the journey you must walk as man 5 Z4PP 51x 1741 555 10.8K 5 Arkham Comics rkh0 . 21 Dec آلللث 888 3 top",0.6212
5949345152205785911_121.jpg,7:48 ٦٥٥ # ليلي _ عبداللطيف ٦ Top Latest People Media Lists Samestory3O7@ على باب الدنيا 9h عبداللط يف ٢٢ ان ساعات الممل نفسها من دون إستوردناها من ساعات تفكيرأو إجتهاد وهي تصلم تمافا لبلادهمء أما بالنسية لبلادنا فيوم العمل المناسب بمد صلاة الفجر يمكن أي عند وقت الظهيرة : على وينتهي أن يستأنف الناس مياتهم الاجتماعية بعدالعصر ويناموا بمدصلاة المشاء عبدالوهاب المسيردي ر9اق 175 044 (/14.9 /ر|| ٥ Ryan Hizam4@ ريان بن حزأم 9h على تغير الأحوال في ثانيه الله يقين بان عنذن اللى يارب يضع قلب ويكت ليلى _ عبداللط يف # ٦3 # ليلى _  الفرب يبدار قادر .,7 48 655 ليلي _ عبداللطيف 6 Top Latest People Media Lists Samestory3O7 على باب الدنيا 9h عبداللط يف 22 ان ساعات الممل نفسها من دون إستوردناها من ساعات تفكيرأو إجتهاد وهي تصلم تمافا لبلادهمء أما بالنسية لبلادنا فيوم العمل المناسب بمد صلاة الفجر يمكن أي عند وقت الظهيرة على وينتهي أن يستأنف الناس مياتهم الاجتماعية بعدالعصر ويناموا بمدصلاة المشاء عبدالوهاب المسيردي ر9اق 175 044 14.9 5 Ryan Hizam4 ريان بن حزأم 9h على تغير الأحوال في ثانيه الله يقين بان عنذن اللى يارب يضع قلب ويكت ليلى _ عبداللط يف 63 ليلى _ الفرب يبدار قادر .,0.6375
5949345152205785883_121.jpg,"7:30 ٥ ٦٥٥ technology ٦- Top Latest People Media Lists 410 172.2/ 07.3K 587K /ر|| ٥ ~ Grey @igreyfriend 6d In 1983, Steve Jobs predicted the next 50 years of technology His predictions: iPhone Internet Softwares App stores Artificial Intelligence 10 futuristic predictions from this talk that came true: Every major revolution starts ugly Good morning  Introductions are really funny 54:49 Morning  ٥» '255 127.4K 022.7K ٦،٦ ١١،١M < Amazing Video @amazingvi   5c With advanced technology like this, Porsche sketches becomes much easier","7 30 5 655 technology 6- Top Latest People Media Lists 410 172.2 07.3K 587K 5 Grey igreyfriend 6d In 1983, Steve Jobs predicted the next 50 years of technology His predictions iPhone Internet Softwares App stores Artificial Intelligence 10 futuristic predictions from this talk that came true Every major revolution starts ugly Good morning Introductions are really funny 54 49 Morning 5 255 127.4K 022.7K 6 6 11 1M Amazing Video amazingvi 5c With advanced technology like this, Porsche sketches becomes much easier",0.697
5949345152205785902_121.jpg,7:49 0540547... مفيز بسعل # هشتاقك ٦ Top Latest People Media Lists جيد Moh@ مكتب للاستقدام الهند 1d مرحبا مكتب استقدام العمالة الهندية دية جاهزة سائق عائلة سبق له العمل wa.me/+918738862054 تواصل مميذ # 0540547049_ هشتاقك ٧٥  ARABI٩ بدياقة INTERIOR ٤؛٩٦٧ ٥ - ٦٠  !ببر VER 003 01/01/1999 29/08/2022 ExP   06/08/2024 LAآ PRIVATE ٥L ١٥٥١٥ 0:11 RESTR ماآ 55 17 703 /ر|| bassion BassionBerry 1d _0540547049 اسعادنا تناسب _ مميز # هشتاقك _ بسعر فاخرمن الاخر ٦3 فث خوي السعو في لسعل 1290 Berry طعم الجميع,7 49 0540547... مفيز بسعل هشتاقك 6 Top Latest People Media Lists جيد Moh مكتب للاستقدام الهند 1d مرحبا مكتب استقدام العمالة الهندية دية جاهزة سائق عائلة سبق له العمل wa.me 918738862054 تواصل مميذ 0540547049_ هشتاقك 75 ARABI9 بدياقة INTERIOR 4 967 5 - 60 !ببر VER 003 01 01 1999 29 08 2022 ExP 06 08 2024 LAآ PRIVATE 5L 15515 0 11 RESTR ماآ 55 17 703 bassion BassionBerry 1d _0540547049 اسعادنا تناسب _ مميز هشتاقك _ بسعر فاخرمن الاخر 63 فث خوي السعو في لسعل 1290 Berry طعم الجميع,0.6343
5949345152205785889_121.jpg,"ت5  7:28 ""Putin and Russia ٦ Latest People Media Lists Mewtenant Spot @sleepawa  17m Replying to @RussialsntEnemy Ive always known the media was lying about Putin and Russia All you need to know is that this conflict was about NATO waging a proxy war on Russia through UKR They wanted to diminish Russials oil trace to control prices This required seizing control back of Sevastopol. R=/ln ٩٤،١٨١H٢ -:7:``71 ، وور h١٨l٥آ ٨| 7 Trevor Noah The Original In٠  T7m WHATA GAME? Donald Trump vs Thomas Matthew Crooks Blackrock Ad MK Ultra Manchurian Candidate Indoctrination Training Video #BangBang #BearDown Putin and Russia Cyclops Brother Propaganda All Seeing Eye Of War Need ReBranding For New Media Outlets VouTube +3 Top ؟ { Big",ت5 7 28 Putin and Russia 6 Latest People Media Lists Mewtenant Spot sleepawa 17m Replying to RussialsntEnemy Ive always known the media was lying about Putin and Russia All you need to know is that this conflict was about NATO waging proxy war on Russia through UKR They wanted to diminish Russials oil trace to control prices This required seizing control back of Sevastopol. ln 94 181H2 - 7 71 ، وور h18l5آ 8 7 Trevor Noah The Original In0 T7m WHATA GAME? Donald Trump vs Thomas Matthew Crooks Blackrock Ad MK Ultra Manchurian Candidate Indoctrination Training Video BangBang BearDown Putin and Russia Cyclops Brother Propaganda All Seeing Eye Of War Need ReBranding For New Media Outlets VouTube 3 Top ؟ Big,0.5663
5949345152205785909_121.jpg,7:48 ٦٥٥ عبداللطيف Top Latest People Media Lists almasoudi12May@ المسعوديه 8h - لف عبداللط و اعادة ساهموا بالنشر بقى اقل من عبدالعزيز احمد يحي عتودي محمد مبلغ الدية 20 مليون ريال أم عبدالهزيز   وأم محمد تنخاكم يا شعب طويق العظيم الاسلامية ويا اهبل سهم العطاء 00 1 ريال عهم العععخاء 50 ريال ص8- 40 ريال معهم_ البذل 20 يال بععهم البدكة اجعل لك سهوفي هذه الديه . لعل سهمك بعد الذه يكون سبب في انقاذ روحين ونفسين   وينهي معانات سنين رحمه الله الحساب بإسم امارة منطقة جازان دية عبدالله ٢ذم 4nعnوn^0=75و 175 02 ||/ ٦.9K ~ sara @atraf51l 9h -يف # ليلي _ عبداللط +3 # ليلي _ #ليلي _ التفريده الشهر فقيري علي  والأمة   العربي  الخليج 200 ريال ٤ ، كناني,7 48 655 عبداللطيف Top Latest People Media Lists almasoudi12May المسعوديه 8h - لف عبداللط اعادة ساهموا بالنشر بقى اقل من عبدالعزيز احمد يحي عتودي محمد مبلغ الدية 20 مليون ريال أم عبدالهزيز وأم محمد تنخاكم يا شعب طويق العظيم الاسلامية ويا اهبل سهم العطاء 00 1 ريال عهم العععخاء 50 ريال ص8- 40 ريال معهم_ البذل 20 يال بععهم البدكة اجعل لك سهوفي هذه الديه . لعل سهمك بعد الذه يكون سبب في انقاذ روحين ونفسين وينهي معانات سنين رحمه الله الحساب بإسم امارة منطقة جازان دية عبدالله 2ذم 4nعnوn 0 75و 175 02 6.9K sara atraf51l 9h -يف ليلي _ عبداللط 3 ليلي _ ليلي _ التفريده الشهر فقيري علي والأمة العربي الخليج 200 ريال 4 ، كناني,0.6369
5949345152205785906_121.jpg,"7:49 ،٥٥ ٦ مصر Top Latest People Media Lists |t3 1d تاريخي وللتاريخ  أمم أفريقيا حققت فوزفي أكتر المنتخبات تاريخيا : ممر 62 فوز نيجيريا 59 فوز غانا 54 فوز ساحل العا 49 فوز الكاميرون 47 فوز السنفال 31 المغرب 30 الجزائر 29 فوز N٥٥٣ 032 1741 /|,/ 79.2/ ٦3 ~4~+~ا,4^ ٦١١ ١٠ ٨٠١٠٠ ٦~ r٨ اكاس عمرو كأس  التي فوز فوز 652","7 49 ،55 6 مصر Top Latest People Media Lists t3 1d تاريخي وللتاريخ أمم أفريقيا حققت فوزفي أكتر المنتخبات تاريخيا ممر 62 فوز نيجيريا 59 فوز غانا 54 فوز ساحل العا 49 فوز الكاميرون 47 فوز السنفال 31 المغرب 30 الجزائر 29 فوز N553 032 1741 , 79.2 63 4 ,4 611 10 80100 6 r8 اكاس عمرو كأس التي فوز فوز 652",0.6693
5949345152205785893_121.jpg,"7:27 ٥ ٥٦٥٥ For You Trencing News Sports Entert Sports Fabrizio Romano @Fabrizi .. 12h Cristiano Ronaldo wins Best Middle East Player Award at Globe Soccer 2025! FABRIZI٥ اررا  RDMAN٥ 02.6K 1~9.5K 94/ /|,/ 3.7|1 ه Cleveland Browns @Br0.. 8h 0 don't think we did this for you Baltimore Ravens @Ravens 8h PERFECT TIMING $/0 BrownS","7 27 5 5655 For You Trencing News Sports Entert Sports Fabrizio Romano Fabrizi .. 12h Cristiano Ronaldo wins Best Middle East Player Award at Globe Soccer 2025! FABRIZI5 اررا RDMAN5 02.6K 1 9.5K 94 , 3.7 1 Cleveland Browns Br0.. 8h 0 don think we did this for you Baltimore Ravens Ravens 8h PERFECT TIMING 0 BrownS",0.6736
5949345152205785894_121.jpg,7:27 آ ٦٥٥ Search X For Vou Trending News Sports Entert Who to follow Mchamed Alrefaee follows 5 5 رصد Follow @RassdNewsN والعربيء تنقل الأخبار منصة إعلامية مهتمة بالشأن ج٠٠ لحظة بلحظة وتعمل على إنتاج محتوى خبريء سيا OSAMA follows ٧غقنا belN SPORTS Follow 79015؟ @beINSPORTS في الشرق الأوسط وشمال الحساب الر الأخبار الرياضية على تابع Mohamed Alrefaee and ليفربول follow EPL World Follow @EPLworIc الكرة المتخصصة في تفطية المنصة العربية linktreedeplworld الإنجليزية والعالمية بكل تفاصيلها Show more Business news Forbes @Forbes 15h Quote of the day #qotd شبكة المصلي لسسي أفريقيا . سمي = آخر نادي الأولى,7 27 655 Search For Vou Trending News Sports Entert Who to follow Mchamed Alrefaee follows 5 5 رصد Follow RassdNewsN والعربيء تنقل الأخبار منصة إعلامية مهتمة بالشأن ج00 لحظة بلحظة وتعمل على إنتاج محتوى خبريء سيا OSAMA follows 7غقنا belN SPORTS Follow 79015؟ beINSPORTS في الشرق الأوسط وشمال الحساب الر الأخبار الرياضية على تابع Mohamed Alrefaee and ليفربول follow EPL World Follow EPLworIc الكرة المتخصصة في تفطية المنصة العربية linktreedeplworld الإنجليزية والعالمية بكل تفاصيلها Show more Business news Forbes Forbes 15h Quote of the day qotd شبكة المصلي لسسي أفريقيا . سمي آخر نادي الأولى,0.7181
5949345152205785885_121.jpg,"7:30  ٥ technology ٦' Top Latest People Media Lists View all Python Developer @Py.. 18 Dec Layers of Al Artificial intelligence is not a single technology but a layered system where each level builds on the previous one It starts with Alas the broad concept, moves into machine learning that learns from data, neural networks inspired by the human brain, and deep Show more Layers of Al Artificial Intelligence ر٥٤ناءا ١٨ Pabatias  ٢ ٤٤١٨٢٥٢٤٤١٨٤ Loaing  Seecch Accenniuon  ؛٤٦٥١٨ ٤١ ٢١؟ب٢؛ب٤ ٢٦ ٥٦٦٢٦ ٤ulدl٨n ١٤١٦١٢ Copriilvg Computng ٩٦٢٥٤٤٨٦٤٨٥٨ ٢٨٢٨٧١٦٨٤ Machine Laaming Kwiens P١ ٢٦٩P٤٦؟٣٨٦١ ٨٤؛٥٨،،٥٦٦٨ ٢٨٥،٩١١ [rcifدn T!5 ٨٢٣٤٩٥٨؛٣ ٥١٢ ٦٨١ ١ LgtslIr H1اع!lاII KNa are!!il Mrigرhداet Suppax1 اعداناer Iichmau ،٦١ ١ ٤ ٦ Batte Naural Networks BulLعniIII AlnقIIIIE ٥٢I'٥R٥١ ٦؛٨،٢ ٦٥٥١١ Batku ٧uEgalin ILi٠LuB- FgILEUIrDI Fccd Fariard Mshurk ٨١٥٨؟٢؟٦ Hsplicl Motasra Roaurent Neural Mchuar Deep Leaming CNMFIIRBiturins Buhaen 0!٧٢٥I Tu؟ IRf 5nor ٨،h؟ nJj٤٨T٢٦5 frfaaraliunkl A٠l٥٤٨c٢3ق٥٥ T3٢٨ ١٥؟٢i ٧٧٤١٧٥٢١ ٢ ١١٥م٥ S٥ ٤٦٠rدa٨lzl٣د| ٨٥s Generabv ٨4ا RLF fFقlnlu [ LE3I٥٧ و٠ g٨ر٤  ٢؟ ٧٢ ٦ ١٨٨ ٤P؛٤ha٢٧ ٦٦٨٧٦٨٢ ١ fearing aneratatwad5ئ ٢3د ١٦٥ ٤٥٧٨٥٥٦١٦٨ Diffusion Wadels ١ ٥١ ٥٨٥٢ ٨١٧ L٥٨٩١٨٦١٨ Agentic 4l ٨١٥٢بب١ ١٦٦٨٥١٢١٥ :،٨٥٨١  T؟١ب'؟ 4،٦٨١-١١٦رر١١ F.!4If;4 |.05r: Wrk II٥+ Fر IوIIFIHi٥I ؟٨١ذ ٦٩ ٨١ Rel onilng لدعا ق ٥- 177497 ٥٨ ٧٥٧ذق٥٦ا ؟٦٠5١٥٥.؛٥49١٥ ؟٨٥٨٥٧؟٥٧٠ 051 17342 01.1K ||,/ 51.2K Technology )Technologyvid 3d ٠ع م رام 420٢ 7 ٥r٤P ٨٢0?٨","7 30 5 technology 6 Top Latest People Media Lists View all Python Developer Py.. 18 Dec Layers of Al Artificial intelligence is not single technology but layered system where each level builds on the previous one It starts with Alas the broad concept, moves into machine learning that learns from data, neural networks inspired by the human brain, and deep Show more Layers of Al Artificial Intelligence ر54ناءا 18 Pabatias 2 441825244184 Loaing Seecch Accenniuon ؛46518 41 21 ب2 ب4 26 56626 4ulدl8n 141612 Copriilvg Computng 962544864858 282871684 Machine Laaming Kwiens P1 269P46 3861 84 58،،5668 285 911 rcifدn !5 8234958 3 512 681 1 LgtslIr H1اع!lاII KNa are!!il Mrigرhداet Suppax1 اعداناer Iichmau ،61 1 4 6 Batte Naural Networks BulLعniIII AlnقIIIIE 52I 5R51 6 8 2 65511 Batku 7uEgalin ILi0LuB- FgILEUIrDI Fccd Fariard Mshurk 8158 2 6 Hsplicl Motasra Roaurent Neural Mchuar Deep Leaming CNMFIIRBiturins Buhaen 0!725I Tu؟ IRf 5nor 8 ؟ nJj48T265 frfaaraliunkl A0l548c23ق55 T328 15 2i 77417521 2 115م5 S5 460rدa8lzl3د 85s Generabv 84ا RLF fFقlnlu LE3I57 و0 g8ر4 2؟ 72 6 188 4P 4ha27 6687682 1 fearing aneratatwad5ئ 23د 165 4578556168 Diffusion Wadels 1 51 5852 817 L58918618 Agentic 4l 8152بب1 166851215 ،8581 1ب ؟ 4 681-116رر11 .!4If 4 .05r Wrk II5 Fر IوIIFIHi5I ؟81ذ 69 81 Rel onilng لدعا 5- 177497 58 757ذق56ا ؟605155.؛54915 ؟85857 570 051 17342 01.1K , 51.2K Technology Technologyvid 3d 0ع رام 4202 7 5r4P 820?8",0.3023
5949345152205785881_121.jpg,"7:31 ٥٥ food Top Latest People Media Lists Food Blogger @foodietechl ل2 What will you pair this char siu chicken with 025 1173 869 9.1 /ر٨ [ ~ Gully Foyle #UKTrade Ter   1d 0 Good morning @nowak_paul seems youre all over the press this morning, saying Labour should explore rejoining the EU Customs Union because ""food prices are too high"". Food prices are higher on average in t and food price inflation since Brexit ٦3 been worse than the UK ٦٢٦ ه٠-ع مم اا ~٧٠٠٠٧٠ت ا٨ /٤ ٥٨٦ ٨٨١ ٩","7 31 55 food Top Latest People Media Lists Food Blogger foodietechl ل2 What will you pair this char siu chicken with 025 1173 869 9.1 ر8 Gully Foyle UKTrade Ter 1d 0 Good morning nowak_paul seems youre all over the press this morning, saying Labour should explore rejoining the EU Customs Union because food prices are too high . Food prices are higher on average in and food price inflation since Brexit 63 been worse than the UK 626 ه0- مم اا 700070ت ا8 4 586 881 9",0.5755
5949345152205785910_121.jpg,"7:48 ٥٦٥٥ # ليلي _ عبداللطيف ٦ Top Latest People Media Lists الله .Ktkl٦@ لا اله الا الله محمد رسو 9h 0 - يف # ليلى _ عبداللط يفعلها قبل كان النبي 7 كأن النبي ٦ة يتوضأ قبل النوم. بيته قبل يسلم على كان النبي ينام على يثبكه الذيمن  كان النبي يده تحت خده الأيمن  ت# يدعو الله كال كان النبي 5 يمسح بيده على فراشه قبل الذوم, كان النبي = يجمع كفيه ويقرا فيمما الإخلاص والمعوذتين ثم يمسح بشما حسد تن قبل النوم ررعنة يمكن ان يجلب الراحة والطمانينة للنفس 02 1716 19K /ر|| lZlzocc@ ام رآذت 4h الدفع ؟؟ وين افا طلعت تنبأت عبداللطيف ايش !؟ ملكة التوقعات ومدرى طلع كله خرطي ا! قها أصلا الشرهة على إللى كان +3 أشياء النوم :  أهل النوم . يضع  كان النبي قبل  الذوم .  النبي سورة قبل  النوم . اتباع ' النبب # ليلي _ مسبقة يصد","7 48 5655 ليلي _ عبداللطيف 6 Top Latest People Media Lists الله .Ktkl6 لا اله الا الله محمد رسو 9h 0 - يف ليلى _ عبداللط يفعلها قبل كان النبي 7 كأن النبي 6ة يتوضأ قبل النوم. بيته قبل يسلم على كان النبي ينام على يثبكه الذيمن كان النبي يده تحت خده الأيمن يدعو الله كال كان النبي 5 يمسح بيده على فراشه قبل الذوم, كان النبي يجمع كفيه ويقرا فيمما الإخلاص والمعوذتين ثم يمسح بشما حسد تن قبل النوم ررعنة يمكن ان يجلب الراحة والطمانينة للنفس 02 1716 19K lZlzocc ام رآذت 4h الدفع ؟؟ وين افا طلعت تنبأت عبداللطيف ايش !؟ ملكة التوقعات ومدرى طلع كله خرطي ! قها أصلا الشرهة على إللى كان 3 أشياء النوم أهل النوم . يضع كان النبي قبل الذوم . النبي سورة قبل النوم . اتباع النبب ليلي _ مسبقة يصد",0.6232
5949345152205785901_121.jpg,7:49 0540547... مفيز بسعل # هشتاقك ٦ Top Latest People Media Lists ٧ ٨|/ 195 اا % bassion BassionBerry 1d _0540547049 باشن توت _ مميز # هشتاقك _ بسعر واعمل متابعة صلي علي يرحب بكم في جميع جديد وكل ليصلك 0:08 12 230 /ر|| salimrashed75@ سالم 1d _ مميز 0540547049 بسعر # هشتاقك +3 Berry النبب الفروع العروض,7 49 0540547... مفيز بسعل هشتاقك 6 Top Latest People Media Lists 7 8 195 اا bassion BassionBerry 1d _0540547049 باشن توت _ مميز هشتاقك _ بسعر واعمل متابعة صلي علي يرحب بكم في جميع جديد وكل ليصلك 0 08 12 230 salimrashed75 سالم 1d _ مميز 0540547049 بسعر هشتاقك 3 Berry النبب الفروع العروض,0.73
5949345152205785912_121.jpg,"7:47 ميمز Top Latest People Media Lists rere2062004@ أرشف 6h بل مفيش ميمز هو قلقر لااملك للغد سوى قلق 12 /ر|| ~ lexi 2x @irencirt = 6h متحسسين من ميم زما يقصدهم اكثرميم زعادى ينزلونه ضد ليكويد مع Confidence 171 85 ||,/ 4.5K 7h ٠ yjz_W@ غيث الفنهك نفسيا Replying to @marinacherryk ى ديربالج نسوىج مىمذ 91 1 ||/ 59 < 2( @RAVEN lrevxo 7h Replying to @zozofcb8 and @Erwin Rommel8 تعليقات الاجانب متضايقين من هالشفلة كيف شف اشياء المثلية حرفيأ بكل شفلة وكيف انه ف +3 يحشروها علاقة بس لحلقة وهالمشهد بالذات صارعليه ميمز موطبيعي منشن المهم","7 47 ميمز Top Latest People Media Lists rere2062004 أرشف 6h بل مفيش ميمز هو قلقر لااملك للغد سوى قلق 12 lexi 2x irencirt 6h متحسسين من ميم زما يقصدهم اكثرميم زعادى ينزلونه ضد ليكويد مع Confidence 171 85 , 4.5K 7h 0 yjz_W غيث الفنهك نفسيا Replying to marinacherryk ديربالج نسوىج مىمذ 91 1 59 2 RAVEN lrevxo 7h Replying to zozofcb8 and Erwin Rommel8 تعليقات الاجانب متضايقين من هالشفلة كيف شف اشياء المثلية حرفيأ بكل شفلة وكيف انه 3 يحشروها علاقة بس لحلقة وهالمشهد بالذات صارعليه ميمز موطبيعي منشن المهم",0.6707
5949345152205785892_121.jpg,"7:27 ٥ ،٥٥ ٦ Search X For Vou Trending News Sports Entert '1.3( 125.6| 077.6K 4|,/ 4.6M1 ٨ ~8 Fabrizio Romano @Fabrizi  . 13h Raphinha has won the Best La Liga Player at the Globe Soccer Award 809 174.6| 68.4/( ٦،٦ ٨١١١M ٨ MLFootball @MLFootball 7h ٥٥٥ ٦ ٥ ٢ HEARTBREAKING: #NFL legend Philip Rivers was emotional talking about today being the last game of his iconic career got three bonus games that never saw coming, and couldn t be more grateful ? Rivers says that he will not unretire a","7 27 5 ،55 6 Search For Vou Trending News Sports Entert 1.3 125.6 077.6K 4 , 4.6M1 8 8 Fabrizio Romano Fabrizi . 13h Raphinha has won the Best La Liga Player at the Globe Soccer Award 809 174.6 68.4 6 6 8111M 8 MLFootball MLFootball 7h 555 6 5 2 HEARTBREAKING NFL legend Philip Rivers was emotional talking about today being the last game of his iconic career got three bonus games that never saw coming, and couldn be more grateful ? Rivers says that he will not unretire",0.6008
5949345152205785913_121.jpg,"7:47 ميمز ٦ Top Latest People Media Lists ana_leh21@ انهياداتيى 26m العيال اللي عمالة تعمل ميمزعلى حواران اول ما النت يفصل الموضوع منكم لله بابا لازم نجدده عشان ٦ ١١ kim7ز Bano @ غيمة 1h تاخذوهم الوحيدة كاعدة يمكن عيم زمن تكعدون bruh @bruh8842 2h ADOR plans to sue Daniel later today for contractual penalties and damages, with the claimed amount expected to reach 1OOs of billions of won, based on clauses in her exclusive contract &po.. /|/ 262 ~ alkkkkkk@ دحيم 2h Replying to @3nitlO اجانب موب عاقل يامواليد شيكاغو صرت تستخم , 91 12 ٦٦ ١١١١ ~ د. نوسف @dI_X٧_ 3h Replying to @Hsmyalg79 and ___||ii66 مقصودة لا ٥ذا ميمز معروف استعملوه بكل شىء 8 /ر|| ٥ ~ Roberto Rocha Neguinho Beto 3h Auto-critica do nego Beto Rocha: جعلى خبران تو جعلى خبرار دا انترنيث professorrobertorocha blogsp +3 2025/12/ 5 |ر| ~ قفش المذاكرة العموم  الارمي انب اتمنى مىمز العدى فمو","7 47 ميمز 6 Top Latest People Media Lists ana_leh21 انهياداتيى 26m العيال اللي عمالة تعمل ميمزعلى حواران اول ما النت يفصل الموضوع منكم لله بابا لازم نجدده عشان 6 11 kim7ز Bano غيمة 1h تاخذوهم الوحيدة كاعدة يمكن عيم زمن تكعدون bruh bruh8842 2h ADOR plans to sue Daniel later today for contractual penalties and damages, with the claimed amount expected to reach 1OOs of billions of won, based on clauses in her exclusive contract po.. 262 alkkkkkk دحيم 2h Replying to 3nitlO اجانب موب عاقل يامواليد شيكاغو صرت تستخم , 91 12 66 1111 . نوسف dI_X7_ 3h Replying to Hsmyalg79 and ___ ii66 مقصودة لا 5ذا ميمز معروف استعملوه بكل شىء 8 5 Roberto Rocha Neguinho Beto 3h Auto-critica do nego Beto Rocha جعلى خبران تو جعلى خبرار دا انترنيث professorrobertorocha blogsp 3 2025 12 5 قفش المذاكرة العموم الارمي انب اتمنى مىمز العدى فمو",0.6357
5949345152205785886_121.jpg,"7:29 ٥ music Top Latest People Media Lists Anissa @SimplyAnnisa 35m1 Ayoung woman at a night music festival wearing a black lace bustier bodysuit and loose brown leather joggers  She has long wavy hair and is wearing a necklace  Low angle shot, flash photography, crowded concert background with stage lights and trusses in the distance, energetic Show more 179 026 402 /ر|| @notsorealfgs 2d music saved me 98 1717.4K 40.5/ /|,/ 2.4M/ Beauty of music and natur  . 1d This is the Amur leopard one of the rarest leopard subspecies still surviving in the world, native to the Primorye region in southeastern Russia ancd northern China ٦3","7 29 5 music Top Latest People Media Lists Anissa SimplyAnnisa 35m1 Ayoung woman at night music festival wearing black lace bustier bodysuit and loose brown leather joggers She has long wavy hair and is wearing necklace Low angle shot, flash photography, crowded concert background with stage lights and trusses in the distance, energetic Show more 179 026 402 notsorealfgs 2d music saved me 98 1717.4K 40.5 , 2.4M Beauty of music and natur . 1d This is the Amur leopard one of the rarest leopard subspecies still surviving in the world, native to the Primorye region in southeastern Russia ancd northern China 63",0.6431
5949345152205785898_121.jpg,"7:32 technology ٦' Top Latest People Media Lists #BreaxingNews #Lhina # Iecnnology #lndustry #Economy 17 7 /ر|ر Sheikh Silicon @SheikhSili.. ٦m 0 You know that @brevis zk ZK coprocessor technology fundamentally changes the game for DeFi reward distribution by giving smart contracts memory trustless access to full historical on-chain data across chains, with verifiable computations via zero knowledge proof This directly Show more B؟EV|S 04 17 40 /ر|| ٨ ~8 Juan M Fernandez A. @LOVE ٦m  Webb telescope detects possible life on K2 18b. Heres the evidence msn com en-us/ news tec  17 ٦ ٨١١١ Cn~ @AMVTCjZNaf6thzj 1m The potential for blockchain technol enhance cybersecurity includes secu +3 sharing, identity management, and thi a+on+inn","7 32 technology 6 Top Latest People Media Lists BreaxingNews Lhina Iecnnology lndustry Economy 17 7 Sheikh Silicon SheikhSili.. 6m 0 You know that brevis zk ZK coprocessor technology fundamentally changes the game for DeFi reward distribution by giving smart contracts memory trustless access to full historical on-chain data across chains, with verifiable computations via zero knowledge proof This directly Show more EV 04 17 40 8 8 Juan Fernandez . LOVE 6m Webb telescope detects possible life on K2 18b. Heres the evidence msn com en-us news tec 17 6 8111 Cn AMVTCjZNaf6thzj 1m The potential for blockchain technol enhance cybersecurity includes secu 3 sharing, identity management, and thi on inn",0.5957
5949345152205785899_121.jpg,7:32 technology ٦ Top Latest People Media Lists Ser Senseiy YF John Whick 195 Not the Al saying exactly what the point was even the technology knows itis just a tool these innovations wanna kill you not the Al itself اا٧ اا ا 1 1٦٢ ٢٠٧ believe its possible Mly 4ا Thats a pretty big concern  don't think Alis going to start eliminating humans  Im designed to be helpful and harmless and safety is a top priority Al is a tool and like any tool it can be used for good bad It really depends on the people who are developing and using it Chat [٥ The ١١٨ ١ ٤ R P $ H K ارا ٨ Kamini Sarang @KaminiS93 445 +3 ٦ م٠,7 32 technology 6 Top Latest People Media Lists Ser Senseiy YF John Whick 195 Not the Al saying exactly what the point was even the technology knows itis just tool these innovations wanna kill you not the Al itself اا7 اا 1 162 207 believe its possible Mly 4ا Thats pretty big concern don think Alis going to start eliminating humans Im designed to be helpful and harmless and safety is top priority Al is tool and like any tool it can be used for good bad It really depends on the people who are developing and using it Chat 5 The 118 1 4 ارا 8 Kamini Sarang KaminiS93 445 3 6 م0,0.5983
5949345152205785905_121.jpg,"7:49 مصر ٦ Top Latest People Media Lists مريو درجه ٧ليه يطيح بالرمالك مصر من 27/12/2008 123 65 |/ 1.8K ٨ ه Lalla maryam للا مريم 13h وتونس شوفو للجماهير المغربية هير المغربية كأس افريقيا ف مصرملعب فارغ فيه فقط شجع المغرب مكاينش 1715 130 2.4K /ر|| ٨ ~8 Nageeb Dahmesh @NDahmesh 1d +3 يقولو الزمالك وبراميدز بيكسبوكاس مصر عشان مش بنشارك في البطولة اكاس  كأس رسالة تشجع التب مصر جما,","7 49 مصر 6 Top Latest People Media Lists مريو درجه 7ليه يطيح بالرمالك مصر من 27 12 2008 123 65 1.8K 8 Lalla maryam للا مريم 13h وتونس شوفو للجماهير المغربية هير المغربية كأس افريقيا مصرملعب فارغ فيه فقط شجع المغرب مكاينش 1715 130 2.4K 8 8 Nageeb Dahmesh NDahmesh 1d 3 يقولو الزمالك وبراميدز بيكسبوكاس مصر عشان مش بنشارك في البطولة اكاس كأس رسالة تشجع التب مصر جما,",0.69
