image_name,extracted_text,cleaned_text,status
5949345152205785900_121.jpg,"directly resize
=====================
BASE:  torch.Size([1, 100, 1280])
NO PATCHES
=====================
خصوصات قويه من نابس ون علي المنتجات الأفضل مبيعا  
بالاضافة لكون خصم نابس ون SE634  
تاخذين خصم فوق الخصم العروض  

نفس الدرجة بالشبع نابس ون  

ثبات يخرج بثبات !!!  
الصدق أشوف بديل ارخص  
من محدد هدى بيوتي البني  
الي سعر فوق ال 100 ريال  

0:08  

1. 0.1  
2. 0.1  
3. 0.1  
4. 0.1  

@wertymy1 · 1d  
#هشتاق بسعر مميز SE634  
*كل يوم أبيه*  

[إنني يوم الفصل كان ميقاتاً يوم ينتخب في الصور فتأتون أواجاً وكيفتت الشتاء فكانت أبواباً ومتزيّت الجبال فكانت سراباً وكانت جثّم كانت مرصاداً للظاهرين مآبا].  
[النيل: 17-2]  

1. 0.1  
2. 0.1  
3. 0  
4. 0.1  

nadeen ali @anadeenali1 · 3h  
الساحل السوري
",خصوصات قويه من نابس ون علي المنتجات الأفضل مبيعا بالاضافة لكون خصم نابس ون SE634 تاخذين خصم فوق الخصم العروض نفس الدرجة بالشبع نابس ون ثبات يخرج بثبات !!! الصدق أشوف بديل ارخص من محدد هدى بيوتي البني الي سعر فوق ال 100 ريال 0 08 1. 0.1 2. 0.1 3. 0.1 4. 0.1 wertymy1 1d هشتاق بسعر مميز SE634 كل يوم أبيه إنني يوم الفصل كان ميقاتاً يوم ينتخب في الصور فتأتون أواجاً وكيفتت الشتاء فكانت أبواباً ومتزي الجبال فكانت سراباً وكانت جث كانت مرصاداً للظاهرين مآبا . النيل 17-2 1. 0.1 2. 0.1 3. 0 4. 0.1 nadeen ali anadeenali1 3h الساحل السوري,SUCCESS
5949345152205785903_121.jpg,"directly resize
=====================
BASE:  torch.Size([1, 100, 1280])
NO PATCHES
=====================
""كاس مصر""

Top    Latest    People    Media    Lists

5    ❤️ 118    ❤️ 151    ❤️ 11.2K    🔥

Dr.Islam Sakr @DrIslamSakr · 1d  
الأهلي أمام المصرية للاتصالات  
لعب بـ ياسين مرعي وعمر كمال وجراديشار  
ومحمد شريف ومحمد شكري وحسين الشحات وأشرف داري  
ومصطفى العش وطاهر محمد طاهر ودبيل كوكا  
ويخسر ويخترج من دور الـ32 كاس مصر  
والجمهور مصدق ان الأهلي يبلغ بالناشئين  
هو نفس الجمهور اللي مصدق ان ناديه يبكسب بمجهوده  
معلش 🔥  

5    ❤️ 11    ❤️ 14    ❤️ 1.3K    🔥

@FatmaMo82... · 12h  
الأهلي للمرة الـ 10 يودعكاس مصر في الدور الـ 32  
بادى الفضائح 🔥  

المتحدث الوطني يسير في الترف المحمد - ادعوا حساب حسن
",كاس مصر Top Latest People Media Lists 5 118 151 11.2K Dr.Islam Sakr DrIslamSakr 1d الأهلي أمام المصرية للاتصالات لعب بـ ياسين مرعي وعمر كمال وجراديشار ومحمد شريف ومحمد شكري وحسين الشحات وأشرف داري ومصطفى العش وطاهر محمد طاهر ودبيل كوكا ويخسر ويخترج من دور الـ32 كاس مصر والجمهور مصدق ان الأهلي يبلغ بالناشئين هو نفس الجمهور اللي مصدق ان ناديه يبكسب بمجهوده معلش 5 11 14 1.3K FatmaMo82... 12h الأهلي للمرة الـ 10 يودعكاس مصر في الدور الـ 32 بادى الفضائح المتحدث الوطني يسير في الترف المحمد - ادعوا حساب حسن,SUCCESS
5949345152205785887_121.jpg,"directly resize
=====================
BASE:  torch.Size([1, 100, 1280])
NO PATCHES
=====================
# Music Chats & News

## Music Love
@ThoN... · 2d  
If you close your eyes, and just listen, very deep feelings emerges.  

4:15  

---

@Whtofismick · 2h  
me when i listen to music and fantasize about becoming everything i've always wanted to be  

---

+
","Music Chats News Music Love ThoN... 2d If you close your eyes, and just listen, very deep feelings emerges. 4 15 --- Whtofismick 2h me when listen to music and fantasize about becoming everything ve always wanted to be ---",SUCCESS
5949345152205785888_121.jpg,"directly resize
=====================
BASE:  torch.Size([1, 100, 1280])
NO PATCHES
=====================
R.O.K ❤️ @r0ktech · 3d  
When you're coding with music and bugs start appearing  

88    1379    4K    45.8K  

Harmony Music  
Love Music ❤️ @khnh80044 · 14h  
So beautiful💕💕
",. . r0ktech 3d When you re coding with music and bugs start appearing 88 1379 4K 45.8K Harmony Music Love Music khnh80044 14h So beautiful,SUCCESS
5949345152205785882_121.jpg,"directly resize
=====================
BASE:  torch.Size([1, 100, 1280])
NO PATCHES
=====================
Plant Based News @PlantB... · 1d  
LOVE this sign.  

Plant-based diets have consistently been shown to carry significant health benefits when compared to meat.  

It is estimated that around 92 billion land animals are killed for **food** each year. On top of that, approximately two trillion fish are killed annually. Show more  

Image: @vgean.lt  

Plants have **PROTEIN**,  
animals have **FEELINGS**,  
and humans have **OPTIONS**.  

107   193   339   5.7K
","Plant Based News PlantB... 1d LOVE this sign. Plant-based diets have consistently been shown to carry significant health benefits when compared to meat. It is estimated that around 92 billion land animals are killed for food each year. On top of that, approximately two trillion fish are killed annually. Show more Image vgean.lt Plants have PROTEIN , animals have FEELINGS , and humans have OPTIONS . 107 193 339 5.7K",SUCCESS
5949345152205785896_121.jpg,"directly resize
=====================
BASE:  torch.Size([1, 100, 1280])
NO PATCHES
=====================
# Iman  
@49cashmere · 2s  
Replying to @Snipergoat8675  
@HerbsandDirt and 2 others  

This video was made during Christmas period, likely Christmas Eve, where kids are most likely home with their parents during the **holiday**. Some of these facilities shown in that video have been permanently closed years ago for infractions and were not even receiving any funding.  

---

# Rizz Ler  
@RizzL97849 · 5s  
#ExpressStyleHolidayPlans  
Let's check out what **holiday** #ExpressStyleTips our passengers have! Follow & post to receive replies from Express passengers immediately! Please see on the **holiday** and **welcome**  

---

# HonkaiStarRail  
@honkaistarrail · 2h  
HonkaiStarRail  
Express STYLE End-Of-Year Holiday Plans Event (Part 2)  
Can't think of how to unwind on your long-awaited holiday other than sleeping it away?...  

---

# sari  
@faewhm · 6s  
Replying to @meows4heals  
I'm not a fan of the holiday season, but I do love the idea of a long weekend off.
","Iman 49cashmere 2s Replying to Snipergoat8675 HerbsandDirt and 2 others This video was made during Christmas period, likely Christmas Eve, where kids are most likely home with their parents during the holiday . Some of these facilities shown in that video have been permanently closed years ago for infractions and were not even receiving any funding. --- Rizz Ler RizzL97849 5s ExpressStyleHolidayPlans Let check out what holiday ExpressStyleTips our passengers have! Follow post to receive replies from Express passengers immediately! Please see on the holiday and welcome --- HonkaiStarRail honkaistarrail 2h HonkaiStarRail Express STYLE End-Of-Year Holiday Plans Event Part 2 Can think of how to unwind on your long-awaited holiday other than sleeping it away?... --- sari faewhm 6s Replying to meows4heals not fan of the holiday season, but do love the idea of long weekend off.",SUCCESS
5949345152205785904_121.jpg,"directly resize
=====================
BASE:  torch.Size([1, 100, 1280])
NO PATCHES
=====================
""كاس مصر""

Top    Latest    People    Media    Lists

Gamal@Gamalxx5h · 14h  
كويس ان كاس مصر مش تبع الرابطة كان زمان ديباب طلع لائحة باطلة واعد المباراة او خلالهم يكسبوا ويقلب النتيجة ايلا الله عجب العجاب

---

كان مصر - دور الـ 32  
27 ديسمبر 2025  
17:00  
On sports 1  

---

### فايزر  
2 - 1  

---

### الصحرية للاطلاعات  
### السالم  
### جهاد المالوي  

---

81° مسطحي غزوي  
41° عمر كمال عبد  

---

Mohamed shehtaAhly  
... 22h  

---

الخروج المهني من كاس مصر في دور الـ 32  
يلازم اللاعبين العالقة الذي لم يقدموا شيء للنادي الأهلي واخرهم يلعبوا في فريق متزيل الجدول الدوري !!!

---

تخيل في وسط الاستقرار المالي والاداري ولعيبته بنتخذ فلوسها في وقتها وفي ميعادها وينتعب في النادي الأهلي يعني انت واحد فرصة غيرك Show more
",كاس مصر Top Latest People Media Lists Gamal Gamalxx5h 14h كويس ان كاس مصر مش تبع الرابطة كان زمان ديباب طلع لائحة باطلة واعد المباراة او خلالهم يكسبوا ويقلب النتيجة ايلا الله عجب العجاب --- كان مصر - دور الـ 32 27 ديسمبر 2025 17 00 On sports 1 --- فايزر 2 - 1 --- الصحرية للاطلاعات السالم جهاد المالوي --- 81 مسطحي غزوي 41 عمر كمال عبد --- Mohamed shehtaAhly ... 22h --- الخروج المهني من كاس مصر في دور الـ 32 يلازم اللاعبين العالقة الذي لم يقدموا شيء للنادي الأهلي واخرهم يلعبوا في فريق متزيل الجدول الدوري !!! --- تخيل في وسط الاستقرار المالي والاداري ولعيبته بنتخذ فلوسها في وقتها وفي ميعادها وينتعب في النادي الأهلي يعني انت واحد فرصة غيرك Show more,SUCCESS
5949345152205785907_121.jpg,"directly resize
=====================
BASE:  torch.Size([1, 100, 1280])
NO PATCHES
=====================
# People

## View all

### قوائد الخس الصحية
- **مفيد لتنزيل الوزن**
  - **تعزيز المناعة**
    - **زيادة نظارة البشر**
    - **تغذية صحية الدماغ**
    - **تغذية صحية الدماغ**
    - **تغذية صحبة الدماغ**
    - **تغذية صحبة الدماغ**
    - **تغذيه صحية الدماغ**
    - **تغذية صحية الدماغ**
    - **تعزيز صحية الدماغ**
    - **تعزيز صحية الدماغ**
    - **تعزيم صحية الدماغ**
    - **تعزيز صحية الدماغ**
    - **تعزيض صحية الدماغ**
    - **تعزيز صحية الدماغ**
    - **تعريض صحية الدماغ**
    - **تعزيز صحية الدماغ**
    - **تغذيه صحية الدماغ**
    - **تغيير صحية الدماغ**
    - **تغذيه صحية الدماغ**
    - تعزيز صحية الدماغ
    - تعزيز صحية الدماغ
    - تعزيز صحية الدماغ
    -
    - تعزيز صحية الدماغ
    - تعزيز صحية الدماغ
    -

### مفيد لتحقيق فوز في كأس أمم أفريقيا
- **تأخرنا:**
",People View all قوائد الخس الصحية - مفيد لتنزيل الوزن - تعزيز المناعة - زيادة نظارة البشر - تغذية صحية الدماغ - تغذية صحية الدماغ - تغذية صحبة الدماغ - تغذية صحبة الدماغ - تغذيه صحية الدماغ - تغذية صحية الدماغ - تعزيز صحية الدماغ - تعزيز صحية الدماغ - تعزيم صحية الدماغ - تعزيز صحية الدماغ - تعزيض صحية الدماغ - تعزيز صحية الدماغ - تعريض صحية الدماغ - تعزيز صحية الدماغ - تغذيه صحية الدماغ - تغيير صحية الدماغ - تغذيه صحية الدماغ - تعزيز صحية الدماغ - تعزيز صحية الدماغ - تعزيز صحية الدماغ - - تعزيز صحية الدماغ - تعزيز صحية الدماغ - مفيد لتحقيق فوز في كأس أمم أفريقيا - تأخرنا,SUCCESS
5949345152205785891_121.jpg,"directly resize
=====================
BASE:  torch.Size([1, 100, 1280])
NO PATCHES
=====================
For You    Trending    News    Sports    Enterta

257    17.4K    81.2K    1.8M

Creepy.org  @creepydotorg · 13h  
Millie Bobby Brown’s face in ‘Stranger Things’ Season 5.

235    12.7K    74K    999K

Pop Base  @PopBase · 1d  
Happy 71st birthday to the iconic Denzel Washington.
",For You Trending News Sports Enterta 257 17.4K 81.2K 1.8M Creepy.org creepydotorg 13h Millie Bobby Brown face in Stranger Things Season 5. 235 12.7K 74K 999K Pop Base PopBase 1d Happy 71st birthday to the iconic Denzel Washington.,SUCCESS
5949345152205785890_121.jpg,"directly resize
=====================
BASE:  torch.Size([1, 100, 1280])
NO PATCHES
=====================
""Putin and Russia""

From acorns to mighty oaks ... · 17h  
Replying to @highbrow_nobrow  
Bravo. We need much more of this. Its time we openly declared Trump as Putin and Russia's comrade. Its what we have all been thinking. Speaking the truth now matters more than ever.

TIME

Dr Bob Smith @DrBobSmith1.6h  
Pretty Darn Clear!!! Trump is selling o Zelenskyy and Ukraine to Putin and Russia.  
Yep. Trump bending over again for his best
",Putin and Russia From acorns to mighty oaks ... 17h Replying to highbrow_nobrow Bravo. We need much more of this. Its time we openly declared Trump as Putin and Russia comrade. Its what we have all been thinking. Speaking the truth now matters more than ever. TIME Dr Bob Smith DrBobSmith1.6h Pretty Darn Clear!!! Trump is selling Zelenskyy and Ukraine to Putin and Russia. Yep. Trump bending over again for his best,SUCCESS
5949345152205785884_121.jpg,"directly resize
=====================
BASE:  torch.Size([1, 100, 1280])
NO PATCHES
=====================
# technology

## Top | Latest | People | Media | Lists

### technical explanation by researchers studying the Buga spheres in Colombia.  
These spheres are seamless, lacking any welding marks, and surpass human technology.  
#Buga #spheres  

---

### 58 comments

---

### 47.9K

---

### 4K

---

### 516K

---

### S.T.E.M Explorer  
@stemexp... · 5d  
Evolution of human technology  

---

### HUMAN TECHNOLOGY  
A Journey Through Key Milestones in Innovation and Progress  

#### AGRICULTURAL REVOLUTION  
**Agricultural Revolution**  
The Agricultural Revolution was a period of technological development in the 18th and 19th centuries that led to the transition from hand tools to machines.  

#### META AGE TECHNOLOGY  
**Meta Age Technology**  
Meta Age Technology is a term used to describe the integration of advanced technologies into everyday life.  

#### INDUSTRIAL REVOLUTION  
**Industrial Revolution**  
The Industrial Revolution was a period of rapid industrialization that began in the late 18th century and continued into the 19th century. It was characterized by the use of steam power, the development of new manufacturing processes, and the growth of cities.  

#### STONE AGE TOOLS  
**Stone Age Tools**  
The Stone Age was a period of human prehistory characterized by the use of stone tools.  

#### INVENTION OF THE WHEEL  
**Invention of the Wheel**  
The invention of the wheel revolutionized transportation and industry.  

#### PRINTING PRESS  
**Printing Press**  
The printing press is a device for applying pressure to an inked surface resting upon it, thereby transferring an image.  

#### ELECTRICITY AND  
**Electricity and Magnetism**  
Electricity and magnetism are two closely related phenomena that have played a crucial role in the development of modern technology.
","technology Top Latest People Media Lists technical explanation by researchers studying the Buga spheres in Colombia. These spheres are seamless, lacking any welding marks, and surpass human technology. Buga spheres --- 58 comments --- 47.9K --- 4K --- 516K --- . . . Explorer stemexp... 5d Evolution of human technology --- HUMAN TECHNOLOGY Journey Through Key Milestones in Innovation and Progress AGRICULTURAL REVOLUTION Agricultural Revolution The Agricultural Revolution was period of technological development in the 18th and 19th centuries that led to the transition from hand tools to machines. META AGE TECHNOLOGY Meta Age Technology Meta Age Technology is term used to describe the integration of advanced technologies into everyday life. INDUSTRIAL REVOLUTION Industrial Revolution The Industrial Revolution was period of rapid industrialization that began in the late 18th century and continued into the 19th century. It was characterized by the use of steam power, the development of new manufacturing processes, and the growth of cities. STONE AGE TOOLS Stone Age Tools The Stone Age was period of human prehistory characterized by the use of stone tools. INVENTION OF THE WHEEL Invention of the Wheel The invention of the wheel revolutionized transportation and industry. PRINTING PRESS Printing Press The printing press is device for applying pressure to an inked surface resting upon it, thereby transferring an image. ELECTRICITY AND Electricity and Magnetism Electricity and magnetism are two closely related phenomena that have played crucial role in the development of modern technology.",SUCCESS
5949345152205785897_121.jpg,"directly resize
=====================
BASE:  torch.Size([1, 100, 1280])
NO PATCHES
=====================
Karin Magana @HAUSA_PRO... · 2m  
ShareX Is Redefining How Web3 Meets the Real World 🌐  
Web3 has long promised mass adoption, but few projects truly connect blockchain technology with everyday life. ShareX is changing that narrative by building the Web3 Consumer and Financial Layer for the global sharing  

ShareX  
ShareX  
ShareX  

Shivam @ShivamPatralekh · 2m  
Agentic AI will change how banks make decisions.
","Karin Magana HAUSA_PRO... 2m ShareX Is Redefining How Web3 Meets the Real World Web3 has long promised mass adoption, but few projects truly connect blockchain technology with everyday life. ShareX is changing that narrative by building the Web3 Consumer and Financial Layer for the global sharing ShareX ShareX ShareX Shivam ShivamPatralekh 2m Agentic AI will change how banks make decisions.",SUCCESS
5949345152205785880_121.jpg,"directly resize
=====================
BASE:  torch.Size([1, 100, 1280])
NO PATCHES
=====================
# Gully Foyle #UKTrade

**Good morning @nowak_paul - seems you're all over the press this morning, saying Labour should explore rejoining the EU Customs Union because ""food prices are too high"".**

**Food prices are higher on average in the EU, and food price inflation since Brexit has been worse than the UK**

## CPI Food & Non-Alcoholic Beverages (2015 = 100)  
*(Data sources: ONS, Eurostat)*

- **EU27 (latest - Oct. 2025)**
- **UK (latest - Nov. 2025)**

Chart

**Chart**  
*Chart with my Julian Jessop @julianjessop*

---

**Dolly Parton**  
@DollyParton · 1d  

Cozy nights call for comfort food, without all the fuss.  
My single-serve beef pot roast is ready when you are. Just heat and eat! Visit bakingwithdolly.com to learn more.  
#DollysFrozenMeals
","Gully Foyle UKTrade Good morning nowak_paul - seems you re all over the press this morning, saying Labour should explore rejoining the EU Customs Union because food prices are too high . Food prices are higher on average in the EU, and food price inflation since Brexit has been worse than the UK CPI Food Non-Alcoholic Beverages 2015 100 Data sources ONS, Eurostat - EU27 latest - Oct. 2025 - UK latest - Nov. 2025 Chart Chart Chart with my Julian Jessop julianjessop --- Dolly Parton DollyParton 1d Cozy nights call for comfort food, without all the fuss. My single-serve beef pot roast is ready when you are. Just heat and eat! Visit bakingwithdolly.com to learn more. DollysFrozenMeals",SUCCESS
5949345152205785908_121.jpg,"directly resize
=====================
BASE:  torch.Size([1, 100, 1280])
NO PATCHES
=====================
# @Ezzat443 · 1h
# لیلی_عبداللطيف
كاذبه ورب الكعبه  
قال الله تعالى إن الله عنده علم الساعة وينزل الغيث ويعلم ما في الأرض وما تدري نفس ماذا تكسب غدا وما تدري نفس بأي أرض تموت إن الله عليم خبير. 34 السجدة  
🔗 🔗 4 🔗 95 🔗 1  

@GafirMo98040 · 1h  
«الوحدة تمن الرؤية الواضحة.»  
— البير كامو  

# لیلی_عبداللطيف

---

@af_1164 · 1h  
# لیلی_عبداللطيف

هم ينتظرون راس السنه  
حنا ننتظر 13 رجب ليبك يا أبا عبدالله  
🔗 🔗 73 🔗 1  

@wertymy1 · 1h  
احمد الرشودي
",Ezzat443 1h لیلی_عبداللطيف كاذبه ورب الكعبه قال الله تعالى إن الله عنده علم الساعة وينزل الغيث ويعلم ما في الأرض وما تدري نفس ماذا تكسب غدا وما تدري نفس بأي أرض تموت إن الله عليم خبير. 34 السجدة 4 95 1 GafirMo98040 1h الوحدة تمن الرؤية الواضحة. البير كامو لیلی_عبداللطيف --- af_1164 1h لیلی_عبداللطيف هم ينتظرون راس السنه حنا ننتظر 13 رجب ليبك يا أبا عبدالله 73 1 wertymy1 1h احمد الرشودي,SUCCESS
5949345152205785895_121.jpg,"directly resize
=====================
BASE:  torch.Size([1, 100, 1280])
NO PATCHES
=====================
# DNG Comics  
@dngcomics · 3d  
Imagine the feeling of reaching the top of the mountain and taking in the fresh air  

To remind yourself of the place you came from  

To look back at the struggle and smile with your brothers  

This is the journey you must walk as a man  

---

**LED ZEPPELIN**  

---

**Arkham Comics**  
@Arkh... · 21 Dec
",DNG Comics dngcomics 3d Imagine the feeling of reaching the top of the mountain and taking in the fresh air To remind yourself of the place you came from To look back at the struggle and smile with your brothers This is the journey you must walk as man --- LED ZEPPELIN --- Arkham Comics Arkh... 21 Dec,SUCCESS
5949345152205785911_121.jpg,"directly resize
=====================
BASE:  torch.Size([1, 100, 1280])
NO PATCHES
=====================
#ليلي_عبداللطيف

@Samestery307 · 9h  
#ليلي_عبداللطيف  

إن ساعات العمل يسمعنا  
استودياغنا من الكوب من دون  
نخبري أو إجتماع، وهي ساعات  
تتعلق تمامًا بالدعم، أما بالنسبة  
لألطفال في العمل العشبي  
فيها هو كل ما يعد من شعب  
ويتنوع، وله خصائصه، على  
أن يستألف الناس حياضهم  
الاجتماعية بعد الحصر وثانوا  
بعد حالة العيش.  

عبداللطيف المشرف  

---

03    46    44    11.14.9K  

@Ryan_Hizam4 · 9h  
ليلى عبداللطيف  

ليلى_عبداللطيف
",ليلي_عبداللطيف Samestery307 9h ليلي_عبداللطيف إن ساعات العمل يسمعنا استودياغنا من الكوب من دون نخبري أو إجتماع، وهي ساعات تتعلق تمام بالدعم، أما بالنسبة لألطفال في العمل العشبي فيها هو كل ما يعد من شعب ويتنوع، وله خصائصه، على أن يستألف الناس حياضهم الاجتماعية بعد الحصر وثانوا بعد حالة العيش. عبداللطيف المشرف --- 03 46 44 11.14.9K Ryan_Hizam4 9h ليلى عبداللطيف ليلى_عبداللطيف,SUCCESS
5949345152205785883_121.jpg,"directly resize
=====================
BASE:  torch.Size([1, 100, 1280])
NO PATCHES
=====================
# technology

## Top
- 410  
- 12.2K  
- 7.3K  
- 1.1B  
- 587K  

---

## Grey  
@jgreyfriend · 6d  
In 1983, Steve Jobs predicted the next 50 years of **technology**.

### His predictions:
- iPhone  
- Internet  
- Softwares  
- App stores  
- Artificial Intelligence  

---

## 10 futuristic predictions from this talk that came true:

### 1. Every major revolution starts ugly  

**Good morning. Introductions are really funny.**  

---

**54:49**  
**Morning.**  

---

- 255  
- 7.4K  
- 22.7K  
- 1.1M  

---

**Amazing Video**  
@amazingvi... · 5d  
With advanced **technology** like this, Porsche sketches becomes much easier.
","technology Top - 410 - 12.2K - 7.3K - 1.1B - 587K --- Grey jgreyfriend 6d In 1983, Steve Jobs predicted the next 50 years of technology . His predictions - iPhone - Internet - Softwares - App stores - Artificial Intelligence --- 10 futuristic predictions from this talk that came true 1. Every major revolution starts ugly Good morning. Introductions are really funny. --- 54 49 Morning. --- - 255 - 7.4K - 22.7K - 1.1M --- Amazing Video amazingvi... 5d With advanced technology like this, Porsche sketches becomes much easier.",SUCCESS
5949345152205785902_121.jpg,TIMEOUT,TIMEOUT,FAIL
5949345152205785889_121.jpg,"directly resize
=====================
BASE:  torch.Size([1, 100, 1280])
NO PATCHES
=====================
""Putin and Russia""

Mewtenant Spot @sleepawa... · 17m  
Replying to @RussialsntEnemy  
I've always known the media was lying about Putin and Russia. All you need to know is that this conflict was about NATO waging a proxy war on Russia through UKR. They wanted to diminish Russia's oil trade to control prices. This required seizing control back of Sevastopol.

Trevor Noah The Original In... · 17m  
WHAT A GAME? Donald Trump vs Thomas Matthew Crooks Blackrock Ad / MK Ultra Manchurian Candidate Indoctrination Training Video #BangBang #BearDown Putin and Russia Cyclops Big Brother Propaganda All Seeing Eye Of War Need ReBranding For New Media Outlets

YouTube
",Putin and Russia Mewtenant Spot sleepawa... 17m Replying to RussialsntEnemy ve always known the media was lying about Putin and Russia. All you need to know is that this conflict was about NATO waging proxy war on Russia through UKR. They wanted to diminish Russia oil trade to control prices. This required seizing control back of Sevastopol. Trevor Noah The Original In... 17m WHAT GAME? Donald Trump vs Thomas Matthew Crooks Blackrock Ad MK Ultra Manchurian Candidate Indoctrination Training Video BangBang BearDown Putin and Russia Cyclops Big Brother Propaganda All Seeing Eye Of War Need ReBranding For New Media Outlets YouTube,SUCCESS
5949345152205785909_121.jpg,"directly resize
=====================
BASE:  torch.Size([1, 100, 1280])
NO PATCHES
=====================
# #ليلي_عبداللطيف

## Top
## Latest
## People
## Media
## Lists

@almasoudi12May · 8h  
#ليلي_عبداللطيف  

بقي اقل من الشهر ساهموا بالنشر و اعادة التغريد  

---

## عبدالعزيز احمد هشيري  
محمد علي حجي عفوحي  

### ميثاق التربية 20 عامية برناة  
أم عبدالعزيز وام محمد تشككم يا شخص طويق العظيم  
ويا اهلل الخليج العربي واللغة اللاسلكية  

---

### منهج العطاء  
- **نموذج النشأة**  
- **نموذج الخير**  
- **نموذج البدل**  
- **نموذج الدركة**  

---

### اجعل لك سهم في هذه الدية ، لعل سهمك بعد الله يكون  
سبب في انتقاد روحين ونفسين وينهي معانات سنين  

---

### الحساب ياسم أمارة منطقية جازان دية عبدالله كناي رحمه الله  
### 2020-2021  

---

### سارة  
sara @atraf511 · 9h  

---

#ليلي_عبداللطيف
",ليلي_عبداللطيف Top Latest People Media Lists almasoudi12May 8h ليلي_عبداللطيف بقي اقل من الشهر ساهموا بالنشر اعادة التغريد --- عبدالعزيز احمد هشيري محمد علي حجي عفوحي ميثاق التربية 20 عامية برناة أم عبدالعزيز وام محمد تشككم يا شخص طويق العظيم ويا اهلل الخليج العربي واللغة اللاسلكية --- منهج العطاء - نموذج النشأة - نموذج الخير - نموذج البدل - نموذج الدركة --- اجعل لك سهم في هذه الدية ، لعل سهمك بعد الله يكون سبب في انتقاد روحين ونفسين وينهي معانات سنين --- الحساب ياسم أمارة منطقية جازان دية عبدالله كناي رحمه الله 2020-2021 --- سارة sara atraf511 9h --- ليلي_عبداللطيف,SUCCESS
5949345152205785906_121.jpg,TIMEOUT,TIMEOUT,FAIL
5949345152205785893_121.jpg,"directly resize
=====================
BASE:  torch.Size([1, 100, 1280])
NO PATCHES
=====================
# For You

## Trending | News | Sports | Enter

### Sports

**Fabrizio Romano**  
@Fabrizi... · 12h  
Cristiano Ronaldo wins Best Middle East Player Award at Globe Soccer 2025!

---

**CLEVELAND BROWNS**  
@ClevelandBrows · 8h  
don't think we did this for you

---

**Baltimore Ravens**  
@Ravens · 8h  
PERFECT TIMING

---

S/O @Browns
",For You Trending News Sports Enter Sports Fabrizio Romano Fabrizi... 12h Cristiano Ronaldo wins Best Middle East Player Award at Globe Soccer 2025! --- CLEVELAND BROWNS ClevelandBrows 8h don think we did this for you --- Baltimore Ravens Ravens 8h PERFECT TIMING --- Browns,SUCCESS
5949345152205785894_121.jpg,"directly resize
=====================
BASE:  torch.Size([1, 100, 1280])
NO PATCHES
=====================
# Who to follow

- **Mohamed Alrefaee follows**  
  **شبكة رصد**  
  Follow  
  @RassdNewsN  
  منصة إعلامية مهمة بالشأن المصري والعربي، تنقل الأخبار لحظة بلحظة وتعمل على إنتاج محتوى خبري، سياسي، إلخ...

- **OSAMA follows**  
  **beIN SPORTS**  
  Follow  
  @beINSPORTS  
  الحساب الرسمي في الشرق الأوسط وشمال أفريقيا.  
  تابع آخر الأخبار الرياضية على...

- **Mohamed Alrefaee and follow**  
  **follow**  
  Follow  
  EPL World  
  @EPLworld  
  المنصة العربية الأولى المتخصصة في تغطية الكرة الإنجليزية والعالمية بكل تفاصيلها  
  linkt.re/eplworld  

Show more

# Business news

- **Forbes**  
  @Forbes · 15h  
  Quote of the day. #qotd
",Who to follow - Mohamed Alrefaee follows شبكة رصد Follow RassdNewsN منصة إعلامية مهمة بالشأن المصري والعربي، تنقل الأخبار لحظة بلحظة وتعمل على إنتاج محتوى خبري، سياسي، إلخ... - OSAMA follows beIN SPORTS Follow beINSPORTS الحساب الرسمي في الشرق الأوسط وشمال أفريقيا. تابع آخر الأخبار الرياضية على... - Mohamed Alrefaee and follow follow Follow EPL World EPLworld المنصة العربية الأولى المتخصصة في تغطية الكرة الإنجليزية والعالمية بكل تفاصيلها linkt.re eplworld Show more Business news - Forbes Forbes 15h Quote of the day. qotd,SUCCESS
5949345152205785885_121.jpg,"directly resize
=====================
BASE:  torch.Size([1, 100, 1280])
NO PATCHES
=====================
# Python Developer  
@Py... · 18 Dec  
Layers of AI  

Artificial intelligence is not a single technology but a layered system where each level builds on the previous one. It starts with AI as the broad concept, moves into machine learning that learns from data, neural networks inspired by the human brain, and deep Show more  

# Layers of AI  

## Artificial Intelligence  
- **Intent Agent Robotics**  
- **Reinforcement Learning**  
- **Speech Recognition**  
- **Expert Systems**  
- **Algorithm Building**  
- **AI Ethics**  
- **Cognitive Computing**  
- **Knowledge Representation**  
- **Machine Learning**  
- **MLOps**  
- **PCA (Principal Component Analysis)**  
- **Decision Trees**  
- **Linear Regression**  
- **Logistic Regression**  
- **K-Means Nightingale**  
- **Support Vector Machines**  
- **Naive Bayes**  

## Neural Networks  
- **Dollermann Machine**  
- **Convolutional Network**  
- **Backpropagation**  
- **Multi-Layer Perceptron**  
- **Feed Forward Network**  
- **Perceptron**  
- **Hopfield Network**  
- **Recurrent Neural Network**  

## Generative AI  
- **RLHF (Reinforcement Learning from Human Feedback)**  
- **RLHF (Reinforcement Learning from Human Feedback)**  
- **LLaMA2-7B**  
- **LLaMA2-13B**  
- **LLaMA2-70B**  
- **ChatGPT**  
- **GPT-4**  
- **GPT-3.5**  
- **GPT-4**  
- **GPT-3.5**  
- **(Optional)**  
- **Autoencoders**  
- **Transformers**  
- **Deep Belief Network**  
- **Self-Organizing Maps**  

## Generative AI  
- **RLHF (Reinforcement Learning from Human Feedback)**  

## Agentic AI  
- **Memory & Causal Handling**  
- **Multi-Agent Systems**  
- **Foresight Loops**  
- **Voxblox**  
- **Action Abstraction**  
- **AI Agents**  
- **Goal-Oriented Reasoning**  
- **Tool Use & Integration**  
- **Autonomous Decision-Making**  

---

# Technology @TechnoIngoviy · 3d  
**Technology @TechnoIngoviy**
","Python Developer Py... 18 Dec Layers of AI Artificial intelligence is not single technology but layered system where each level builds on the previous one. It starts with AI as the broad concept, moves into machine learning that learns from data, neural networks inspired by the human brain, and deep Show more Layers of AI Artificial Intelligence - Intent Agent Robotics - Reinforcement Learning - Speech Recognition - Expert Systems - Algorithm Building - AI Ethics - Cognitive Computing - Knowledge Representation - Machine Learning - MLOps - PCA Principal Component Analysis - Decision Trees - Linear Regression - Logistic Regression - -Means Nightingale - Support Vector Machines - Naive Bayes Neural Networks - Dollermann Machine - Convolutional Network - Backpropagation - Multi-Layer Perceptron - Feed Forward Network - Perceptron - Hopfield Network - Recurrent Neural Network Generative AI - RLHF Reinforcement Learning from Human Feedback - RLHF Reinforcement Learning from Human Feedback - LLaMA2-7B - LLaMA2-13B - LLaMA2-70B - ChatGPT - GPT-4 - GPT-3.5 - GPT-4 - GPT-3.5 - Optional - Autoencoders - Transformers - Deep Belief Network - Self-Organizing Maps Generative AI - RLHF Reinforcement Learning from Human Feedback Agentic AI - Memory Causal Handling - Multi-Agent Systems - Foresight Loops - Voxblox - Action Abstraction - AI Agents - Goal-Oriented Reasoning - Tool Use Integration - Autonomous Decision-Making --- Technology TechnoIngoviy 3d Technology TechnoIngoviy",SUCCESS
5949345152205785881_121.jpg,"directly resize
=====================
BASE:  torch.Size([1, 100, 1280])
NO PATCHES
=====================
Food Blogger @foodietechl... · 2d  
What will you pair this char sui chicken with?  

Gully Foyle #UKTrade @Ter... · 1d  
Good morning @nowak_paul - seems you're all over the press this morning, saying Labour should explore rejoining the EU Customs Union because ""food prices are too high"".  

Food prices are higher on average in the UK and food price inflation since Brexit have been worse than the UK.
","Food Blogger foodietechl... 2d What will you pair this char sui chicken with? Gully Foyle UKTrade Ter... 1d Good morning nowak_paul - seems you re all over the press this morning, saying Labour should explore rejoining the EU Customs Union because food prices are too high . Food prices are higher on average in the UK and food price inflation since Brexit have been worse than the UK.",SUCCESS
5949345152205785910_121.jpg,"directly resize
=====================
BASE:  torch.Size([1, 100, 1280])
NO PATCHES
=====================
# 7 أشياء كان النبي ﷺ يفعلها قبل النوم:

- كان النبي ﷺ يتوضأ قبل النوم.
- كان النبي ﷺ يسألم على أهل بيته قبل النوم.
- كان النبي ﷺ ينام على شقه الإيمن.
- كان النبي ﷺ يضع يده تحت ذكاء الإيمن.
- كان النبي ﷺ يدعو الله قبل النوم.
- كان النبي ﷺ يمسح يده على فراشه قبل النوم.
- كان النبي ﷺ يجمع كفيه ويقرأ فيهم سورة الإخلاص والموتني ثم يمسح بهما سعده قبل النوم.

## اتباع سنة النبي ﷺ قبل النوم
يمكن أن يجلب الراحة والطمأنينة للنفس.

---

@Alzococ 4h  
#إبلي_عبداللطيف_أفا حلتت تبنات مسبقة الدفء ؟؟ وبين ملكة الدوغات ومدري ايشا؟  
طبع كله خرطيب!! 😂😂😂
",7 أشياء كان النبي ﷺ يفعلها قبل النوم - كان النبي ﷺ يتوضأ قبل النوم. - كان النبي ﷺ يسألم على أهل بيته قبل النوم. - كان النبي ﷺ ينام على شقه الإيمن. - كان النبي ﷺ يضع يده تحت ذكاء الإيمن. - كان النبي ﷺ يدعو الله قبل النوم. - كان النبي ﷺ يمسح يده على فراشه قبل النوم. - كان النبي ﷺ يجمع كفيه ويقرأ فيهم سورة الإخلاص والموتني ثم يمسح بهما سعده قبل النوم. اتباع سنة النبي ﷺ قبل النوم يمكن أن يجلب الراحة والطمأنينة للنفس. --- Alzococ 4h إبلي_عبداللطيف_أفا حلتت تبنات مسبقة الدفء ؟؟ وبين ملكة الدوغات ومدري ايشا؟ طبع كله خرطيب!!,SUCCESS
5949345152205785901_121.jpg,"directly resize
=====================
BASE:  torch.Size([1, 100, 1280])
NO PATCHES
=====================
# #هشتاقك_بسعر_مميز...

## Top
## Latest
## People
## Media
## Lists

### bassion Berry @BassionBerry · 1d
#هشتاقك_بسعر_مميز_0540547049 باشن توت  
يرحب بكم في جميع الفروع صليب عليب النبي واعمل متابعة ليصلك كل جديد وكل العروض

---

0:08

---

### 1
### 1
### 1

---

@salimrashed75 · 1d  
#هشتاقك_بسعر_مميز_0540547049 سام
",هشتاقك_بسعر_مميز... Top Latest People Media Lists bassion Berry BassionBerry 1d هشتاقك_بسعر_مميز_0540547049 باشن توت يرحب بكم في جميع الفروع صليب عليب النبي واعمل متابعة ليصلك كل جديد وكل العروض --- 0 08 --- 1 1 1 --- salimrashed75 1d هشتاقك_بسعر_مميز_0540547049 سام,SUCCESS
5949345152205785912_121.jpg,"directly resize
=====================
BASE:  torch.Size([1, 100, 1280])
NO PATCHES
=====================
Top    Latest    People    Media    Lists
میز

@rere2062004 · 6h
لا الملك للغد سوى قلقي مفيش ميمز هو قلقي يس

lexi ✈ 2x @irencirl · 6h
متحسسين من ميمز ما يقتصدهم
اكترميمز عادى ينزلونه ضد ليكويد مع منشن

Confidence

9    ‌س
85    ‌س
4.5K    ‌س

@yjz_w · 7h
غيث الفهك نفسيا
Replying to @marinacherryk
دي بربلج نسوى ميمز

1    ‌س
59    ‌س
RAVEN_irevxo · 7h
Replying to @zozofcb8 and
@Erwin_Rommel8
شفت حبي تعليقات الأجانب متضايقين من الهاشفة كيف
ما العملية حرفيا بكل شغلة وكيف أنه في اشياء
علاقة بس المهم يحشوها بكل شي
حبي بحلاقة والمشهد بالذات صار عليه ميمز هو طبيعي
",Top Latest People Media Lists میز rere2062004 6h لا الملك للغد سوى قلقي مفيش ميمز هو قلقي يس lexi 2x irencirl 6h متحسسين من ميمز ما يقتصدهم اكترميمز عادى ينزلونه ضد ليكويد مع منشن Confidence 9 85 4.5K yjz_w 7h غيث الفهك نفسيا Replying to marinacherryk دي بربلج نسوى ميمز 1 59 RAVEN_irevxo 7h Replying to zozofcb8 and Erwin_Rommel8 شفت حبي تعليقات الأجانب متضايقين من الهاشفة كيف ما العملية حرفيا بكل شغلة وكيف أنه في اشياء علاقة بس المهم يحشوها بكل شي حبي بحلاقة والمشهد بالذات صار عليه ميمز هو طبيعي,SUCCESS
5949345152205785892_121.jpg,"directly resize
=====================
BASE:  torch.Size([1, 100, 1280])
NO PATCHES
=====================
# For You

**Trending**  
1.3K  
5.6K  
7.7.6K  
4.6M  

**News**  
**Sports**  
**Entertainment**

---

**Fabrizio Romano**  
@Fabrizi... · 13h  
👏 Raphinha has won the Best La Liga Player at the Globe Soccer Award.  

👏  

**MLFootball**  
@MLFootball · 7h  
HEARTBREAKING: #NFL legend Philip Rivers was emotional talking about today being the last game of his iconic career.  

""I got three bonus games that I never saw coming, and I couldn’t be more grateful.""  

Rivers says that he will not unretire again.  

❤️❤️❤️
","For You Trending 1.3K 5.6K 7.7.6K 4.6M News Sports Entertainment --- Fabrizio Romano Fabrizi... 13h Raphinha has won the Best La Liga Player at the Globe Soccer Award. MLFootball MLFootball 7h HEARTBREAKING NFL legend Philip Rivers was emotional talking about today being the last game of his iconic career. got three bonus games that never saw coming, and couldn be more grateful. Rivers says that he will not unretire again.",SUCCESS
5949345152205785913_121.jpg,TIMEOUT,TIMEOUT,FAIL
5949345152205785886_121.jpg,"directly resize
=====================
BASE:  torch.Size([1, 100, 1280])
NO PATCHES
=====================
# Anissa  
@SimplyAnnis · 35m  
A young woman at a night music festival, wearing a black lace bustier bodysuit and loose brown leather joggers. She has long wavy hair and is wearing a necklace. Low angle shot, flash photography, crowded concert background with stage lights and trusses in the distance, energetic Show more  

- 17  
- 19  
- 26  
- 1.402  

@notsorealfgs · 2d  
music saved me  

- 98  
- 1.17.4K  
- 40.5K  
- 1.2.4M  

**Beauty of music and natur...**  
1d  
This is the Amur leopard – one of the rarest leopard subspecies still surviving in the world, native to the Primorye region in southeastern Russia and northern China 🐆  

+
","Anissa SimplyAnnis 35m young woman at night music festival, wearing black lace bustier bodysuit and loose brown leather joggers. She has long wavy hair and is wearing necklace. Low angle shot, flash photography, crowded concert background with stage lights and trusses in the distance, energetic Show more - 17 - 19 - 26 - 1.402 notsorealfgs 2d music saved me - 98 - 1.17.4K - 40.5K - 1.2.4M Beauty of music and natur... 1d This is the Amur leopard one of the rarest leopard subspecies still surviving in the world, native to the Primorye region in southeastern Russia and northern China",SUCCESS
5949345152205785898_121.jpg,"directly resize
=====================
BASE:  torch.Size([1, 100, 1280])
NO PATCHES
=====================
#breakingNews #china #technology #Industry #Economy

Sheikh Silicon @SheikhSil... · 1m  
You know that @brevis_zk ZK coprocessor technology fundamentally changes the game for DeFi reward distribution by giving smart contracts memory trustless access to full historical  

on-chain data across chains, with verifiable computations via zero knowledge proof This directly Show more  

BREVIS  
=  

4   1   8   40  

Juan M. Fernandez A. @LOVE... · 1m  
Webb telescope detects possible life on K2 18b. Here's the evidence. msn.com/en-us/news/tec...  

@AMY7CjZNaf6thzj · 1m  
The potential for blockchain technology to enhance cybersecurity includes securing sharing, identity management, and data storage...
","breakingNews china technology Industry Economy Sheikh Silicon SheikhSil... 1m You know that brevis_zk ZK coprocessor technology fundamentally changes the game for DeFi reward distribution by giving smart contracts memory trustless access to full historical on-chain data across chains, with verifiable computations via zero knowledge proof This directly Show more BREVIS 4 1 8 40 Juan . Fernandez . LOVE... 1m Webb telescope detects possible life on K2 18b. Here the evidence. msn.com en-us news tec... AMY7CjZNaf6thzj 1m The potential for blockchain technology to enhance cybersecurity includes securing sharing, identity management, and data storage...",SUCCESS
5949345152205785899_121.jpg,"directly resize
=====================
BASE:  torch.Size([1, 100, 1280])
NO PATCHES
=====================
# Ser Senseiy YF John Whick

Not the AI saying exactly what the point was even the technology knows it's just a tool these innovations wanna kill you not the AI itself

I was born in 1999 and I'm 19 years old. I believe it's possible

---

## My AI

That's a pretty big concern! I don't think AI is going to start eliminating humans. I'm designed to be helpful and harmless, and safety is a top priority. AI is a tool, and like any tool, it can be used for good or bad. It really depends on the people who are developing and using it.

---

### Chat

I    The    I'm

Q W E R T Y U I O P

A S D F G H J K L
","Ser Senseiy YF John Whick Not the AI saying exactly what the point was even the technology knows it just tool these innovations wanna kill you not the AI itself was born in 1999 and 19 years old. believe it possible --- My AI That pretty big concern! don think AI is going to start eliminating humans. designed to be helpful and harmless, and safety is top priority. AI is tool, and like any tool, it can be used for good or bad. It really depends on the people who are developing and using it. --- Chat The",SUCCESS
5949345152205785905_121.jpg,"directly resize
=====================
BASE:  torch.Size([1, 100, 1280])
NO PATCHES
=====================
""كاس مصر""

Top    Latest    People    Media    Lists

مربى درجة بالله يضيع بالرمالك  
من كأس مصر  

27/12/2008  

6    t3    65    l1.8K    🔥  

Lalla maryam  
لا مريم  
@... . 13h  

رسالة للجماهير المغربية التي تشجع مصر وتؤسس شوقو  
كأس أفريقيا في مصر ملعب فارغ فيه فقط جماهير المغربية  
مكاينش لي شجع المغرب  

8    t15    130    l1.2.4K    🔥  

Nageeb Dahmesh  
@NDahmesh · 1d  

بين يقولو الزمالك وبراميدز يبكسيكاس مصر  
عشان مش ينشارك في البطولة
",كاس مصر Top Latest People Media Lists مربى درجة بالله يضيع بالرمالك من كأس مصر 27 12 2008 6 t3 65 l1.8K Lalla maryam لا مريم ... . 13h رسالة للجماهير المغربية التي تشجع مصر وتؤسس شوقو كأس أفريقيا في مصر ملعب فارغ فيه فقط جماهير المغربية مكاينش لي شجع المغرب 8 t15 130 l1.2.4K Nageeb Dahmesh NDahmesh 1d بين يقولو الزمالك وبراميدز يبكسيكاس مصر عشان مش ينشارك في البطولة,SUCCESS
